index,status,subwayLine,subwayName,storeNum,size,storeType,contractStartDate,contractEndDate,montlyRentFee
1,개별(일반),1,서울(1)역,150-107,33,사무실,2019-05-08,2024-06-06,527100
2,개별(일반),1,시청(1)역,151-101,29.73,의류,2017-04-04,2022-05-03,3858954
3,개별(일반),1,시청(1)역,151-103,57.6,기타,2020-02-01,2025-01-31,1858300
4,개별(일반),1,시청(1)역,151-104,25,플라워,2020-12-31,2026-01-30,2470600
5,네트워크,1,시청(1)역,151-105,25,식음료,2021-06-03,2026-08-02,4145884
6,개별(일반),1,시청(1)역,151-106,14,액세서리,2017-09-19,2022-11-17,1801800
7,개별(일반),1,시청(1)역,151-107,22,의류,2020-09-18,2025-10-18,2613800
8,공실,1,종각역,152-101,36.85,,,,
9,공실,1,종각역,152-104,18.64,,,,
10,개별(일반),1,종각역,152-105,29.3,편의점,2017-04-18,2022-04-17,6549400
11,공실,1,종각역,152-106,30.7,,,,
12,개별(일반),1,종각역,152-107,11,플라워,2021-10-06,2026-11-05,2450000
13,개별(일반),1,종각역,152-108,12,제과,2021-08-23,2026-09-22,5680000
14,공실,1,종각역,152-109,42,,,,
15,개별(일반),1,종각역,152-110,23.14,액세서리,2021-08-23,2026-09-22,3710000
16,공실,1,종각역,152-111,16.15,,,,
17,공실,1,종각역,152-112,21.82,,,,
18,개별(일반),1,종각역,152-113,19.14,액세서리,2021-08-23,2026-09-22,5680000
19,개별(일반),1,종각역,152-114,29.62,액세서리,2021-09-03,2026-10-03,5800700
20,개별(일반),1,종각역,152-115,29.4,제과,2020-02-24,2025-03-25,8130000
21,개별(일반),1,종로3가(1)역,153-101,23.4,편의점,2018-10-23,2023-11-21,2260000
22,개별(일반),1,종로3가(1)역,153-102,17.6,제과,2021-08-13,2026-09-12,3550000
23,개별(일반),1,종로3가(1)역,153-106,26,기타,2018-08-14,2023-09-12,4350000
24,소송상가,1,종로3가(1)역,153-107,63.95,화장품,2012-01-09,2019-05-24,11673679
25,개별(일반),1,종로5가역,154-101,25.13,의류,2021-09-03,2026-10-03,5310000
26,개별(일반),1,종로5가역,154-107,16.16,액세서리,2021-09-02,2026-10-02,4110000
27,개별(일반),1,동묘앞(1)역,159-201,17.7,제과,2020-10-19,2025-11-18,3550000
28,개별(일반),2,을지로입구역,202-101,85.1,기타,2019-06-01,2024-05-31,2900000
29,개별(일반),2,을지로입구역,202-102,16.7,기타,2021-08-19,2026-08-19,14500000
30,개별(일반),2,을지로입구역,202-103,17.2,기타,2017-01-10,2022-01-09,12150000
31,개별(일반),2,을지로입구역,202-104,17.2,편의점,2019-10-15,2024-11-13,14993000
32,개별(일반),2,을지로입구역,202-105,16.7,기타,2019-12-12,2025-01-10,14403100
33,개별(일반),2,을지로입구역,202-106,33.9,액세서리,2021-06-07,2026-07-07,8176600
34,개별(일반),2,을지로입구역,202-108,32.51,제과,2021-01-04,2026-02-03,12350000
35,공실,2,을지로입구역,202-110,32.2,,,,
36,개별(일반),2,을지로입구역,202-111,17.6,의약업,2021-01-04,2026-02-03,6150000
37,공실,2,을지로입구역,202-113,19.47,,,,
38,공실,2,을지로입구역,202-114,180,,,,
39,개별(일반),2,을지로입구역,202-115,26.82,식음료,2020-12-21,2026-01-20,5600000
40,개별(일반),2,을지로입구역,202-116,75.95,제과,2017-11-07,2022-12-06,16137100
41,네트워크,2,을지로입구역,202-117,16,식음료,2021-02-01,2026-06-01,4964659
42,네트워크,2,을지로입구역,202-118,40,의류,2021-06-03,2026-08-02,5081616
43,공실,2,을지로입구역,202-119,,,,,
44,네트워크,2,을지로입구역,202-120,19,플라워,2018-11-27,2024-01-25,1914875
45,개별(일반),2,을지로3가(2)역,203-101,16.2,의류,2020-10-14,2025-11-13,823300
46,개별(일반),2,을지로3가(2)역,203-102,16.2,기타,2020-11-02,2025-12-02,603600
47,개별(일반),2,을지로3가(2)역,203-108,11.5,기타,2017-04-25,2022-04-24,872300
48,개별(일반),2,을지로3가(2)역,203-110,11.5,플라워,2019-04-02,2024-05-01,816600
49,개별(일반),2,을지로3가(2)역,203-112,26,플라워,2019-04-02,2024-05-01,1259100
50,개별(일반),2,을지로3가(2)역,203-114,13,기타,2022-02-21,2027-03-23,905000
51,개별(일반),2,을지로3가(2)역,203-115,18.96,액세서리,2020-11-26,2026-01-10,450000
52,개별(일반),2,을지로3가(2)역,203-116,27.9,액세서리,2020-11-25,2025-12-25,1221400
53,개별(일반),2,을지로4가(2)역,204-105,22.84,기타,2016-10-25,2021-10-24,1356400
54,개별(일반),2,을지로4가(2)역,204-107,23.2,의류,2017-04-25,2022-04-24,705000
55,개별(일반),2,을지로4가(2)역,204-108,14.9,액세서리,2021-06-16,2026-07-16,330000
56,개별(일반),2,을지로4가(2)역,204-109,14.9,기타,2020-11-02,2025-12-02,420000
57,개별(일반),2,을지로4가(2)역,204-110,14.9,기타,2017-04-04,2022-04-03,660000
58,네트워크,2,을지로4가(2)역,204-112,38,식음료,2018-01-08,2023-02-16,2143653
59,개별(일반),2,을지로4가(2)역,204-113,32.8,식음료,2020-11-02,2025-12-02,1466600
60,개별(일반),2,동대문역사문화공원(2)역,205-101,62.2,사무실,2021-04-14,2026-05-14,1452000
61,네트워크,2,동대문역사문화공원(2)역,205-103,31.69,의류,2018-11-16,2024-01-14,6039310
62,네트워크,2,동대문역사문화공원(2)역,205-104,32.5,식음료,2021-02-01,2026-06-01,11100210
63,개별(일반),2,동대문역사문화공원(2)역,205-105,12,제과,2021-01-04,2026-02-03,4310000
64,개별(일반),2,동대문역사문화공원(2)역,205-106,25.7,편의점,2022-02-21,2027-03-23,7122000
65,공실,2,동대문역사문화공원(2)역,205-107,45.64,,,,
66,공실,2,동대문역사문화공원(2)역,205-109,19.5,,,,
67,개별(일반),2,신당(2)역,206-101,14.82,제과,2020-12-21,2026-01-20,1100000
68,개별(일반),2,신당(2)역,206-102,11,기타,2018-11-06,2023-12-05,850000
69,네트워크,2,상왕십리역,207-101,30.6,화장품,2020-12-23,2026-03-23,2666031
70,개별(일반),2,상왕십리역,207-102,37,편의점,2017-01-24,2022-01-23,6161600
71,개별(일반),2,상왕십리역,207-103,30,플라워,2021-03-19,2026-04-18,2516600
72,개별(일반),2,왕십리(2)역,208-105,12.35,기타,2017-09-19,2022-10-18,1129600
73,개별(일반),2,왕십리(2)역,208-106,12.35,기타,2018-08-14,2023-09-12,1538900
74,개별(일반),2,왕십리(2)역,208-107,33.68,제과,2020-11-26,2026-01-10,1520000
75,공실,2,왕십리(2)역,208-108,24.5,,,,
76,공실,2,왕십리(2)역,208-109,24.5,,,,
77,공실,2,왕십리(2)역,208-110,44.43,,,,
78,공실,2,왕십리(2)역,208-111,30.06,,,,
79,공실,2,왕십리(2)역,208-112,27.65,,,,
80,공실,2,왕십리(2)역,208-113,19,,,,
81,개별(일반),2,한양대역,209-001,46.8,사무실,2019-05-21,2024-06-19,418000
82,개별(일반),2,한양대역,209-002,13.9,제과,2020-04-03,2025-05-03,3170000
83,개별(일반),2,한양대역,209-003,18,편의점,2020-08-03,2025-09-02,3400000
84,개별(일반),2,한양대역,209-004,90.1,기타,2017-11-07,2022-12-06,4900000
85,공실,2,한양대역,209-005,20.04,,,,
86,개별(일반),2,뚝섬역,210-004,14.23,의류,2017-12-27,2023-01-25,661700
87,개별(일반),2,뚝섬역,210-005,31.2,편의점,2017-05-09,2022-05-08,4279000
88,개별(일반),2,뚝섬역,210-006,13,제과,2020-11-26,2026-01-10,500000
89,공실,2,뚝섬역,210-007,25.17,,,,
90,개별(일반),2,뚝섬역,210-008,21.99,플라워,2017-12-27,2023-01-25,1166700
91,네트워크,2,성수역,211-002,28.4,화장품,2020-12-23,2026-03-23,4012522
92,공실,2,성수역,211-006,16.28,,,,
93,개별(일반),2,성수역,211-007,32.76,제과,2022-02-18,2027-03-20,1700000
94,개별(일반),2,성수역,211-010,27,액세서리,2020-10-30,2025-11-29,2511000
95,개별(일반),2,성수역,211-011,22.8,식음료,2018-07-10,2023-08-08,4800000
96,개별(일반),2,성수역,211-012,21.3,제과,2019-11-26,2024-12-25,2702700
97,개별(일반),2,건대입구(2)역,212-002,69.5,제과,2019-06-25,2024-07-24,7512000
98,개별(일반),2,건대입구(2)역,212-003,22.8,플라워,2021-10-27,2026-11-26,2978200
99,공실,2,건대입구(2)역,212-004,19.5,,,,
100,개별(일반),2,건대입구(2)역,212-005,36.04,제과,2022-02-21,2027-03-23,7070000
101,개별(일반),2,건대입구(2)역,212-006,29.5,액세서리,2019-12-24,2025-01-22,5011000
102,네트워크,2,건대입구(2)역,212-007,29.68,식음료,2017-12-29,2023-02-06,6243818
103,개별(일반),2,건대입구(2)역,212-010,36,식음료,2021-10-28,2026-11-27,10810000
104,개별(일반),2,건대입구(2)역,212-011,35.6,식음료,2018-12-25,2024-01-23,6210000
105,개별(일반),2,건대입구(2)역,212-012,23.42,플라워,2022-01-13,2027-02-12,5196800
106,공실,2,구의역,213-001,23.1,,,,
107,개별(일반),2,구의역,213-003,12.08,제과,2020-04-01,2025-05-01,1687000
108,네트워크,2,구의역,213-004,50.46,화장품,2020-12-23,2026-03-23,6940535
109,개별(일반),2,구의역,213-006,20,기타,2018-04-10,2023-05-09,1023000
110,개별(일반),2,구의역,213-007,27.57,식음료,2018-12-21,2024-01-19,1000000
111,네트워크,2,강변역,214-001,36.5,화장품,2020-12-23,2026-03-23,8729997
112,개별(일반),2,강변역,214-004,41,기타,2022-02-14,2027-02-14,14410000
113,개별(대형),2,잠실나루역,215-001,112.3,기타,2019-04-09,2024-05-08,5500000
114,개별(일반),2,잠실나루역,215-002,27.54,의약업,2021-04-12,2026-05-12,4711000
115,개별(일반),2,잠실나루역,215-003,48.1,편의점,2017-04-25,2022-04-24,7311700
116,개별(일반),2,잠실나루역,215-004,24.8,기타,2021-04-22,2026-05-22,2660000
117,개별(일반),2,잠실나루역,215-005,25.62,플라워,2020-11-26,2026-01-10,2100000
118,개별(일반),2,잠실나루역,215-006,24,식음료,2021-03-15,2026-04-14,2810000
119,개별(일반),2,잠실나루역,215-007,28.6,의류,2021-06-21,2026-07-21,1230000
120,개별(대형),2,잠실나루역,215-008,102.5,의약업,2018-12-18,2023-12-17,14311000
121,개별(일반),2,잠실(2)역,216-102,21.3,편의점,2021-05-24,2026-06-23,9900000
122,공실,2,잠실(2)역,216-105,20.82,,,,
123,개별(일반),2,잠실(2)역,216-107,10.45,기타,2021-01-11,2026-02-10,1620000
124,공실,2,잠실(2)역,216-108,10.45,,,,
125,개별(일반),2,잠실(2)역,216-109,20.9,기타,2021-12-13,2027-01-12,3500000
126,개별(일반),2,잠실(2)역,216-111,20.9,제과,2021-06-01,2026-07-01,3100000
127,개별(일반),2,잠실(2)역,216-113,10.44,제과,2021-05-28,2026-06-27,1750000
128,네트워크,2,잠실(2)역,216-114,10.38,식음료,2021-06-03,2026-08-02,4106615
129,소송상가,2,잠실(2)역,216-120,124.91,화장품,2010-01-28,2017-04-27,18838948
130,소송상가,2,잠실(2)역,216-122,34,액세서리,2010-01-28,2017-04-27,5127886
131,소송상가,2,잠실(2)역,216-123,34,의류,2010-01-28,2017-04-27,5127886
132,소송상가,2,잠실(2)역,216-124,36,의류,2010-01-28,2017-04-27,5429526
133,네트워크,2,잠실(2)역,216-125,12,식음료,2021-02-01,2026-06-01,10072227
134,개별(일반),2,잠실(2)역,216-126,14.2,의약업,2021-02-01,2026-03-03,6150000
135,개별(일반),2,잠실(2)역,216-127,14,제과,2021-06-01,2026-07-01,8030000
136,소송상가,2,잠실(2)역,216-128,12,식음료,2014-01-03,2019-02-01,7933100
137,소송상가,2,잠실(2)역,216-129,40.1,식음료,2019-09-17,2024-11-15,10636263
138,네트워크,2,잠실(2)역,216-130,38,의류,2021-06-03,2026-08-02,11719878
139,개별(일반),2,잠실새내역,217-101,24.65,의류,2021-09-09,2026-10-09,9030000
140,개별(일반),2,잠실새내역,217-102,19.44,액세서리,2021-09-09,2026-10-09,4240000
141,개별(일반),2,잠실새내역,217-103,19.44,의류,2021-11-11,2026-12-11,3510000
142,개별(일반),2,종합운동장역,218-104,71.8,편의점,2022-03-04,2027-03-04,7392500
143,네트워크,2,종합운동장역,218-107,25,식음료,2018-01-08,2023-02-16,3047745
144,네트워크,2,선릉역,220-101,38.03,화장품,2020-12-23,2026-03-23,11892315
145,개별(일반),2,선릉역,220-102,24.34,액세서리,2021-02-15,2026-03-17,4440000
146,개별(일반),2,선릉역,220-103,19.48,의약업,2020-12-17,2026-01-16,4166600
147,네트워크,2,선릉역,220-104,20.21,의류,2021-06-03,2026-08-02,6496749
148,복합,2,선릉역,220-105,20,기타,2022-02-24,2027-04-25,40550000
149,복합,2,선릉역,220-106,34.46,기타,2022-02-24,2027-04-25,
150,복합,2,선릉역,220-107,20,기타,2022-02-24,2027-04-25,
151,복합,2,선릉역,220-108,24.1,기타,2022-02-24,2027-04-25,
152,복합,2,선릉역,220-109,18.48,기타,2022-02-24,2027-04-25,
153,복합,2,선릉역,220-110,19,기타,2022-02-24,2027-04-25,
154,네트워크,2,선릉역,220-112,13,식음료,2021-02-01,2026-06-01,3758110
155,네트워크,2,선릉역,220-115,16,식음료,2018-01-08,2023-02-16,6766430
156,개별(일반),2,선릉역,220-116,12,제과,2020-12-24,2026-01-23,2600000
157,개별(일반),2,선릉역,220-117,16,의류,2020-03-02,2025-04-01,4530000
158,복합,2,역삼역,221-102,361,의약업,2022-01-24,2027-05-24,33089200
159,복합,2,역삼역,221-127,34.02,의약업,2022-01-24,2027-05-24,
160,공실,2,역삼역,221-216,26.4,,,,
161,공실,2,역삼역,221-217,22.5,,,,
162,네트워크,2,역삼역,221-218,52.32,의류,2021-06-03,2026-08-02,9584313
163,개별(일반),2,역삼역,221-219,23.18,의약업,2021-03-12,2026-04-11,4211300
164,소송상가,2,역삼역,221-220,107.5,식음료,2019-09-17,2024-11-15,17245941
165,네트워크,2,역삼역,221-224,21,식음료,2021-02-01,2026-06-01,2343936
166,개별(일반),2,역삼역,221-225,13,식음료,2020-11-05,2025-12-05,3810000
167,개별(일반),2,역삼역,221-226,25.8,제과,2017-02-14,2022-02-13,6271900
168,개별(일반),2,강남역,222-101,26.55,액세서리,2021-07-12,2026-08-11,10000800
169,공실,2,강남역,222-102,13.3,,,,
170,공실,2,강남역,222-103,26.6,,,,
171,네트워크,2,강남역,222-105,35.5,화장품,2020-12-23,2026-03-23,22234458
172,소송상가,2,강남역,222-108,60.97,식음료,2019-09-17,2024-11-15,29358258
173,네트워크,2,강남역,222-109,20.3,의류,2021-06-03,2026-08-02,7178586
174,네트워크,2,교대(2)역,223-101,18.6,식음료,2021-02-01,2026-06-01,4338960
175,개별(일반),2,교대(2)역,223-102,56.3,제과,2021-01-11,2026-02-10,6683300
176,개별(일반),2,교대(2)역,223-103,11,기타,2019-11-20,2024-12-19,621900
177,개별(일반),2,교대(2)역,223-104,18,제과,2017-04-25,2022-04-24,3510000
178,네트워크,2,교대(2)역,223-105,29.28,의류,2021-06-03,2026-08-02,2933186
179,개별(일반),2,교대(2)역,223-106,28.05,의류,2017-03-07,2022-03-06,3950000
180,개별(일반),2,교대(2)역,223-107,15,의류,2020-11-05,2025-12-05,2060000
181,개별(일반),2,교대(2)역,223-108,15,식음료,2021-10-26,2026-11-25,11310000
182,공실,2,서초역,224-101,21.82,,,,
183,네트워크,2,서초역,224-102,20.6,식음료,2021-06-03,2026-08-02,2896848
184,개별(일반),2,서초역,224-103,32.02,플라워,2021-05-26,2026-06-25,3066600
185,개별(일반),2,서초역,224-104,32.02,편의점,2017-04-04,2022-04-03,11337700
186,네트워크,2,서초역,224-107,16,액세서리,2021-11-22,2027-01-21,2409452
187,개별(일반),2,서초역,224-108,17.8,제과,2020-06-22,2025-07-22,2525200
188,개별(일반),2,서초역,224-109,16,제과,2019-06-25,2024-07-24,4020000
189,네트워크,2,방배역,225-101,27,화장품,2020-12-23,2026-03-23,2722601
190,개별(일반),2,방배역,225-104,19.32,기타,2021-10-18,2026-11-17,2150000
191,개별(일반),2,방배역,225-105,17.85,플라워,2019-09-22,2024-09-21,1700000
192,개별(일반),2,방배역,225-106,20.43,식음료,2022-01-18,2027-02-17,2503000
193,개별(일반),2,방배역,225-107,19.43,기타,2021-11-10,2026-12-10,1250000
194,개별(일반),2,방배역,225-109,18,기타,2017-03-07,2022-03-06,980000
195,개별(일반),2,사당(2)역,226-101,65.5,의류,2021-06-03,2026-07-03,15833300
196,네트워크,2,사당(2)역,226-102,57.72,화장품,2020-12-23,2026-03-23,26027971
197,공실,2,사당(2)역,226-103,20.5,,,,
198,네트워크,2,사당(2)역,226-104,20.2,액세서리,2021-11-22,2027-01-21,5875337
199,소송상가,2,사당(2)역,226-105,137,식음료,2019-09-17,2024-11-15,28555111
200,개별(일반),2,사당(2)역,226-107,11.45,기타,2020-07-01,2025-09-28,
201,개별(일반),2,사당(2)역,226-108,26.4,화장품,2018-05-09,2023-06-07,12034000
202,개별(일반),2,사당(2)역,226-110,14.96,편의점,2020-07-31,2025-08-30,5133000
203,네트워크,2,사당(2)역,226-112,23,식음료,2021-02-01,2026-06-01,10679418
204,개별(일반),2,사당(2)역,226-113,22,액세서리,2018-09-07,2023-10-06,6020000
205,개별(일반),2,사당(2)역,226-114,25.04,식음료,2019-12-24,2025-01-22,5003800
206,개별(일반),2,사당(2)역,226-115,12.84,식음료,2019-11-26,2024-12-25,7000000
207,개별(일반),2,사당(2)역,226-116,15.3,식음료,2017-04-04,2022-04-03,4500000
208,네트워크,2,낙성대역,227-101,16.7,의류,2021-06-03,2026-08-02,1775349
209,개별(일반),2,낙성대역,227-102,20.94,의류,2020-08-03,2025-09-02,3210000
210,공실,2,낙성대역,227-103,21.28,,,,
211,개별(일반),2,낙성대역,227-104,112.42,기타,2019-11-02,2024-12-31,1010000
212,네트워크,2,서울대입구역,228-101,26.64,화장품,2020-12-23,2026-03-23,5906786
213,네트워크,2,서울대입구역,228-103,14,식음료,2021-02-01,2026-06-01,4484731
214,네트워크,2,서울대입구역,228-105,29.26,식음료,2017-12-29,2023-02-06,9284039
215,공실,2,봉천역,229-101,27.81,,,,
216,네트워크,2,봉천역,229-103,17.61,의류,2018-11-16,2024-01-14,1814122
217,네트워크,2,신림역,230-104,15,식음료,2021-02-01,2026-06-01,6998323
218,개별(일반),2,신림역,230-105,14,액세서리,2017-11-07,2022-12-06,5010000
219,개별(일반),2,신림역,230-106,16,식음료,2017-11-07,2022-12-06,7527000
220,개별(일반),2,신림역,230-107,8,플라워,2021-06-03,2026-07-03,4550000
221,개별(일반),2,신림역,230-109,13,제과,2020-12-21,2026-01-20,8520000
222,개별(일반),2,신대방역,231-003,24.9,기타,2019-10-29,2024-11-27,3423000
223,네트워크,2,신대방역,231-004,240.3,의류,2021-06-03,2026-08-02,18396735
224,개별(대형),2,구로디지털단지역,232-001,103,의약업,2021-01-18,2026-03-18,17010000
225,개별(일반),2,구로디지털단지역,232-002,29,제과,2017-03-07,2022-03-06,8502100
226,네트워크,2,구로디지털단지역,232-003,10.66,식음료,2017-12-29,2023-02-06,6773016
227,개별(대형),2,구로디지털단지역,232-004,100.8,의류,2020-08-03,2025-09-02,10230000
228,개별(일반),2,대림(2)역,233-002,15.76,식음료,2021-05-26,2026-06-25,4210000
229,공실,2,대림(2)역,233-004,14.93,,,,
230,개별(일반),2,대림(2)역,233-006,14.93,기타,2020-09-11,2025-10-11,11100000
231,개별(일반),2,대림(2)역,233-007,14.93,식음료,2020-07-29,2025-08-28,6510000
232,개별(일반),2,대림(2)역,233-008,19.47,식음료,2020-12-21,2026-01-20,9600000
233,네트워크,2,대림(2)역,233-010,20,편의점,2017-04-29,2022-04-28,5643800
234,공실,2,대림(2)역,233-013,15.5,,,,
235,개별(일반),2,대림(2)역,233-014,14,제과,2017-02-14,2022-02-13,7222000
236,개별(일반),2,대림(2)역,233-015,33,의류,2019-11-26,2024-12-25,13030000
237,네트워크,2,신도림역,234-104,24.13,화장품,2020-12-23,2026-03-23,6022805
238,네트워크,2,신도림역,234-108,25,편의점,2017-04-29,2022-04-28,13213100
239,개별(일반),2,신도림역,234-109,34.49,제과,2018-12-28,2024-01-26,7800000
240,개별(일반),2,신도림역,234-110,12,제과,2021-08-12,2026-09-11,12085000
241,개별(일반),2,신도림역,234-112,44.6,액세서리,2021-11-18,2026-12-18,6120000
242,네트워크,2,신도림역,234-113,40.8,플라워,2018-11-27,2024-01-25,4424241
243,개별(일반),2,신도림역,234-114,44.6,제과,2021-06-17,2026-07-17,6050000
244,개별(일반),2,신도림역,234-115,22.5,의약업,2021-09-03,2026-10-03,3310000
245,개별(일반),2,신도림역,234-116,22.5,식음료,2020-02-24,2025-03-25,3269500
246,네트워크,2,신도림역,234-117,27.4,액세서리,2018-11-16,2024-01-14,4706888
247,공실,2,신도림역,234-118,18.8,,,,
248,소송상가,2,신도림역,234-119,85.5,식음료,2019-09-17,2024-11-15,22737727
249,네트워크,2,문래역,235-101,28.29,화장품,2020-12-23,2026-03-23,2660399
250,개별(일반),2,문래역,235-102,17,제과,2020-11-26,2025-12-26,4019000
251,개별(일반),2,문래역,235-103,42,식음료,2020-02-24,2025-03-25,3608800
252,개별(일반),2,문래역,235-104,17.83,제과,2020-11-09,2025-12-09,1180000
253,복합,2,영등포구청(2)역,236-102,19.88,식음료,2019-07-15,2024-10-23,23850000
254,복합,2,영등포구청(2)역,236-103,26.01,의류,2019-07-15,2024-10-23,
255,복합,2,영등포구청(2)역,236-105,24.14,식음료,2019-07-15,2024-10-23,
256,소송상가,2,영등포구청(2)역,236-111,20.4,액세서리,2018-05-05,2019-01-09,3928330
257,복합,2,영등포구청(2)역,236-112,28.93,식음료,2019-07-15,2024-10-23,
258,복합,2,영등포구청(2)역,236-113,17.13,식음료,2019-07-15,2024-10-23,
259,복합,2,영등포구청(2)역,236-114,29.07,식음료,2019-07-15,2024-10-23,
260,개별(일반),2,당산역,237-001,22,액세서리,2021-04-22,2026-05-22,3130000
261,개별(일반),2,당산역,237-002,26.14,제과,2017-04-25,2022-04-24,7312000
262,공실,2,당산역,237-004,35.64,,,,
263,개별(일반),2,당산역,237-005,25,의류,2021-11-25,2026-12-25,2830000
264,개별(일반),2,당산역,237-007,60.04,식음료,2019-12-10,2025-01-08,5359000
265,개별(일반),2,당산역,237-008,12,식음료,2018-04-10,2023-05-09,2810000
266,개별(일반),2,합정(2)역,238-101,30.74,플라워,2021-11-18,2026-12-18,5851900
267,개별(일반),2,합정(2)역,238-102,31.41,기타,2020-02-24,2025-03-25,6550000
268,개별(일반),2,합정(2)역,238-103,18.47,제과,2020-11-03,2025-12-03,3710000
269,개별(일반),2,합정(2)역,238-104,17.6,식음료,2022-01-28,2027-02-27,11757000
270,개별(일반),2,합정(2)역,238-105,13.65,의약업,2021-05-27,2026-06-26,4419000
271,공실,2,합정(2)역,238-106,13.16,,,,
272,네트워크,2,합정(2)역,238-107,26.59,화장품,2020-12-23,2026-03-23,6781462
273,개별(일반),2,합정(2)역,238-109,13.69,의류,2020-05-27,2025-06-26,3620000
274,개별(일반),2,합정(2)역,238-110,13.69,제과,2017-11-07,2022-12-06,4210000
275,개별(일반),2,합정(2)역,238-111,38.05,편의점,2017-05-23,2022-05-22,6020100
276,공실,2,합정(2)역,238-112,29.89,,,,
277,공실,2,합정(2)역,238-113,42.23,,,,
278,공실,2,합정(2)역,238-115,60.05,,,,
279,공실,2,합정(2)역,238-116,27.49,,,,
280,복합,2,홍대입구역,239-102,33,기타,2021-03-22,2026-07-20,9613837
281,복합,2,홍대입구역,239-103,17.11,기타,2021-03-22,2026-07-20,5192551
282,복합,2,홍대입구역,239-104,32.73,기타,2021-03-22,2026-07-20,9932939
283,복합,2,홍대입구역,239-105,23.1,기타,2021-03-22,2026-07-20,25274548
284,복합,2,홍대입구역,239-106,28.02,기타,2021-03-22,2026-07-20,
285,복합,2,홍대입구역,239-107,34.76,기타,2021-03-22,2026-07-20,
286,복합,2,홍대입구역,239-108,31,기타,2021-03-22,2026-07-20,9031258
287,네트워크,2,홍대입구역,239-110,12,화장품,2020-12-23,2026-03-23,7428859
288,네트워크,2,신촌역,240-101,33,화장품,2020-12-23,2026-03-23,17632662
289,개별(일반),2,신촌역,240-103,9.8,플라워,2020-08-10,2025-09-09,4510000
290,개별(일반),2,신촌역,240-104,13.2,제과,2020-12-21,2026-01-20,8250000
291,개별(일반),2,신촌역,240-105,30.17,액세서리,2021-01-04,2026-02-03,10300000
292,공실,2,신촌역,240-106,11.25,,,,
293,개별(일반),2,신촌역,240-107,21,의약업,2021-01-28,2026-02-28,6783300
294,네트워크,2,신촌역,240-108,18,식음료,2021-02-01,2026-06-01,8217169
295,공실,2,신촌역,240-109,32,,,,
296,네트워크,2,신촌역,240-110,44.42,편의점,2017-04-29,2022-04-28,18581100
297,공실,2,이대역,241-102,14.5,,,,
298,공실,2,이대역,241-103,13.51,,,,
299,공실,2,이대역,241-104,21.13,,,,
300,공실,2,이대역,241-106,27.66,,,,
301,공실,2,이대역,241-107,20,,,,
302,공실,2,이대역,241-108,33,,,,
303,네트워크,2,아현역,242-101,35.2,화장품,2020-12-23,2026-03-23,2353016
304,공실,2,아현역,242-103,34.8,,,,
305,개별(일반),2,아현역,242-105,22.58,의류,2021-02-15,2026-04-01,460000
306,공실,2,아현역,242-107,24.05,,,,
307,공실,2,아현역,242-109,25,,,,
308,네트워크,2,충정로(2)역,243-201,26.12,화장품,2020-12-23,2026-03-23,5693895
309,공실,2,충정로(2)역,243-205,20,,,,
310,개별(일반),2,충정로(2)역,243-206,15,제과,2019-11-26,2024-12-25,3512000
311,개별(일반),2,양천구청역,248-101,18.84,식음료,2021-02-22,2026-03-24,886500
312,공실,2,양천구청역,248-102,26.04,,,,
313,공실,2,신정네거리역,249-203,42.45,,,,
314,공실,3,연신내(3)역,311-102,38.3,,,,
315,개별(일반),3,연신내(3)역,311-103,29.9,의류,2018-07-10,2023-08-08,2565000
316,개별(일반),3,연신내(3)역,311-106,19.96,기타,2019-09-23,2024-09-22,965000
317,개별(일반),3,연신내(3)역,311-108,19.96,의류,2018-09-29,2023-10-28,1705100
318,개별(일반),3,연신내(3)역,311-113,22,의류,2018-08-14,2023-09-12,1583300
319,공실,3,불광(3)역,312-102,12.99,,,,
320,개별(일반),3,불광(3)역,312-103,13.02,액세서리,2021-09-08,2026-10-08,337800
321,공실,3,불광(3)역,312-104,39.05,,,,
322,공실,3,불광(3)역,312-109,13.03,,,,
323,공실,3,불광(3)역,312-110,13.03,,,,
324,네트워크,3,불광(3)역,312-113,18.81,화장품,2020-12-23,2026-03-23,1135946
325,개별(일반),3,불광(3)역,312-114,35,의류,2020-12-02,2026-01-01,1800000
326,개별(일반),3,불광(3)역,312-115,23,의류,2020-12-21,2026-01-20,1200000
327,개별(일반),3,불광(3)역,312-117,46,식음료,2020-12-22,2026-01-21,2200000
328,개별(대형),3,녹번역,313-101,103.85,의류,2020-02-14,2025-03-14,1879100
329,개별(일반),3,녹번역,313-106,19.3,의류,2020-11-23,2025-12-23,485000
330,개별(일반),3,녹번역,313-107,12.65,식음료,2018-10-30,2023-11-28,418000
331,개별(일반),3,녹번역,313-108,13.47,의류,2020-08-03,2025-09-02,530000
332,개별(일반),3,녹번역,313-110,29.3,의류,2020-02-21,2025-03-22,698000
333,공실,3,홍제역,314-104,14.41,,,,
334,공실,3,홍제역,314-106,14.41,,,,
335,공실,3,홍제역,314-116,14.41,,,,
336,공실,3,홍제역,314-117,14.41,,,,
337,개별(대형),3,홍제역,314-118,1351,기타,2022-02-24,2027-04-25,
338,개별(일반),3,홍제역,314-220,15.52,제과,2020-11-30,2025-12-30,2420400
339,공실,3,홍제역,314-221,16.8,,,,
340,네트워크,3,경복궁역,317-201,25.5,식음료,2021-02-01,2026-06-01,1508490
341,개별(일반),3,안국역,318-201,19.5,기타,2020-05-19,2025-06-18,611000
342,개별(일반),3,안국역,318-205,28.8,액세서리,2019-11-22,2024-12-21,660000
343,개별(일반),3,안국역,318-206,28.8,플라워,2022-02-21,2027-03-23,909200
344,개별(일반),3,안국역,318-207,18.8,플라워,2020-06-22,2025-07-22,1166600
345,개별(일반),3,안국역,318-208,18.8,의류,2020-05-18,2025-06-17,3333500
346,개별(일반),3,안국역,318-210,20.5,기타,2020-10-31,2025-10-31,392000
347,개별(일반),3,안국역,318-211,41,사무실,2019-05-21,2024-06-19,509400
348,개별(일반),3,안국역,318-214,19.09,기타,2017-04-04,2022-04-03,611000
349,개별(일반),3,안국역,318-317,27.57,제과,2021-04-22,2026-05-22,1700000
350,개별(일반),3,종로3가(3)역,319-101,19.5,기타,2020-11-09,2025-12-09,4800000
351,복합,3,종로3가(3)역,319-205,248.9,의약업,2022-01-24,2027-05-24,
352,네트워크,3,종로3가(3)역,319-304,11,식음료,2021-02-01,2026-06-01,2529218
353,개별(일반),3,종로3가(3)역,319-306,21,의약업,2020-12-31,2026-01-30,3000000
354,개별(일반),3,종로3가(3)역,319-307,47,의류,2018-09-07,2023-10-06,20300000
355,개별(일반),3,종로3가(3)역,319-308,40,의류,2018-12-25,2024-01-23,7020100
356,공실,3,종로3가(3)역,319-309,20,,,,
357,개별(일반),3,종로3가(3)역,319-310,20,제과,2018-09-07,2023-10-06,7257000
358,공실,3,종로3가(3)역,319-311,15.4,,,,
359,개별(일반),3,을지로3가(3)역,320-208,10.2,제과,2020-10-19,2025-11-18,1410000
360,개별(일반),3,을지로3가(3)역,320-210,20,기타,2020-06-22,2025-07-22,1900000
361,개별(일반),3,을지로3가(3)역,320-212,26.4,의류,2021-08-30,2026-09-29,4567800
362,개별(일반),3,동대입구역,322-201,17.04,편의점,2022-02-15,2027-02-15,1201000
363,개별(일반),3,동대입구역,322-203,33.46,사무실,2019-12-12,2025-01-10,311667
364,개별(일반),3,동대입구역,322-205,33.3,제과,2021-06-04,2026-07-04,300000
365,개별(일반),3,동대입구역,322-207,37.52,사무실,2020-11-03,2025-12-03,328100
366,개별(일반),3,동대입구역,322-209,16.8,기타,2021-04-20,2026-04-20,153600
367,개별(일반),3,동대입구역,322-210,33.7,기타,2020-08-13,2025-09-12,1101000
368,개별(일반),3,동대입구역,322-212,17.14,편의점,2021-10-22,2026-11-21,370700
369,개별(일반),3,동대입구역,322-213,33.37,제과,2019-10-25,2024-11-23,1635700
370,네트워크,3,약수(3)역,323-101,22.32,화장품,2020-12-23,2026-03-23,3780597
371,네트워크,3,약수(3)역,323-104,11.57,식음료,2017-12-29,2023-02-06,3246217
372,네트워크,3,금호역,324-101,50.3,화장품,2020-12-23,2026-03-23,2285262
373,개별(일반),3,금호역,324-108,28,식음료,2020-11-16,2025-12-16,750000
374,개별(일반),3,금호역,324-109,25.3,편의점,2021-08-13,2026-08-13,1675000
375,개별(일반),3,금호역,324-110,18.61,액세서리,2022-02-15,2027-03-17,808000
376,개별(일반),3,금호역,324-111,21,플라워,2020-11-09,2025-12-09,1082300
377,네트워크,3,옥수역,325-001,41.64,화장품,2020-12-23,2026-03-23,4736736
378,개별(대형),3,옥수역,325-010,555,기타,2020-03-23,2025-04-22,13500000
379,개별(일반),3,옥수역,325-012,18.9,편의점,2019-06-21,2024-07-20,2010000
380,개별(일반),3,옥수역,325-013,11.6,제과,2022-01-28,2027-02-27,3640000
381,개별(일반),3,압구정역,326-102,37,액세서리,2022-02-03,2027-03-05,7200000
382,네트워크,3,압구정역,326-103,23.76,화장품,2020-12-23,2026-03-23,7195687
383,네트워크,3,압구정역,326-104,18.62,플라워,2018-11-27,2024-01-25,2392536
384,네트워크,3,압구정역,326-105,12.3,식음료,2021-02-01,2026-06-01,1716096
385,개별(일반),3,압구정역,326-106,26,식음료,2021-04-22,2026-05-22,3371000
386,개별(일반),3,신사역,327-101,25.39,액세서리,2021-05-25,2026-06-24,5010000
387,개별(일반),3,신사역,327-103,31.3,액세서리,2022-01-28,2027-02-27,15730000
388,개별(일반),3,신사역,327-104,23.7,의약업,2021-06-03,2026-07-03,2533400
389,개별(일반),3,신사역,327-105,23.7,의류,2021-02-01,2026-03-03,2810000
390,네트워크,3,신사역,327-106,23.7,액세서리,2018-11-16,2024-01-14,3284815
391,개별(일반),3,신사역,327-107,23.7,의류,2019-04-02,2024-05-01,3150000
392,공실,3,신사역,327-108,23.7,,,,
393,개별(일반),3,신사역,327-109,47.4,액세서리,2021-01-18,2026-02-17,4533300
394,개별(일반),3,신사역,327-111,23.7,액세서리,2020-08-20,2025-09-19,2690000
395,네트워크,3,신사역,327-112,23.7,의류,2021-06-03,2026-08-02,1865403
396,개별(일반),3,신사역,327-113,18.2,식음료,2021-08-31,2026-09-30,7120000
397,개별(일반),3,신사역,327-114,18.05,식음료,2019-12-10,2025-01-08,2520000
398,개별(일반),3,신사역,327-115,17.36,플라워,2020-11-26,2026-01-10,1520000
399,네트워크,3,신사역,327-116,16,식음료,2021-02-01,2026-06-01,2214461
400,네트워크,3,신사역,327-117,29.06,식음료,2017-12-29,2023-02-06,6915082
401,복합,3,고속터미널(3)역,329-111,7475.19,의류,2016-03-15,2026-11-09,284622927
402,복합,3,고속터미널(3)역,329-112,,의류,2016-03-15,2026-11-09,
403,복합,3,고속터미널(3)역,329-113,,액세서리,2016-03-15,2026-11-09,
404,복합,3,고속터미널(3)역,329-114,,의류,2016-03-15,2026-11-09,
405,복합,3,고속터미널(3)역,329-115,,화장품,2016-03-15,2026-11-09,
406,복합,3,고속터미널(3)역,329-116,,기타,2016-03-15,2026-11-09,
407,복합,3,고속터미널(3)역,329-117,,의약업,2016-03-15,2026-11-09,
408,복합,3,고속터미널(3)역,329-118,,기타,2016-03-15,2026-11-09,
409,복합,3,고속터미널(3)역,329-119,,기타,2016-03-15,2026-11-09,
410,복합,3,고속터미널(3)역,329-120,,액세서리,2016-03-15,2026-11-09,
411,복합,3,고속터미널(3)역,329-121,,의류,2016-03-15,2026-11-09,
412,복합,3,고속터미널(3)역,329-122,,화장품,2016-03-15,2026-11-09,
413,복합,3,고속터미널(3)역,329-123,,화장품,2016-03-15,2026-11-09,
414,복합,3,고속터미널(3)역,329-124,,식음료,2016-03-15,2026-11-09,
415,복합,3,고속터미널(3)역,329-125,,의류,2016-03-15,2026-11-09,
416,복합,3,고속터미널(3)역,329-126,,기타,2016-03-15,2026-11-09,
417,복합,3,고속터미널(3)역,329-127,,의류,2016-03-15,2026-11-09,
418,복합,3,고속터미널(3)역,329-128,,의류,2016-03-15,2026-11-09,
419,복합,3,고속터미널(3)역,329-129,,의류,2016-03-15,2026-11-09,
420,복합,3,고속터미널(3)역,329-130,,의류,2016-03-15,2026-11-09,
421,복합,3,고속터미널(3)역,329-131,,기타,2016-03-15,2026-11-09,
422,복합,3,고속터미널(3)역,329-132,,식음료,2016-03-15,2026-11-09,
423,복합,3,고속터미널(3)역,329-133,,액세서리,2016-03-15,2026-11-09,
424,복합,3,고속터미널(3)역,329-134,,의류,2016-03-15,2026-11-09,
425,복합,3,고속터미널(3)역,329-135,,식음료,2016-03-15,2026-11-09,
426,복합,3,고속터미널(3)역,329-136,,기타,2016-03-15,2026-11-09,
427,복합,3,고속터미널(3)역,329-137,,기타,2016-03-15,2026-11-09,
428,복합,3,고속터미널(3)역,329-138,,액세서리,2016-03-15,2026-11-09,
429,복합,3,고속터미널(3)역,329-139,,기타,2016-03-15,2026-11-09,
430,복합,3,고속터미널(3)역,329-140,,의류,2016-03-15,2026-11-09,
431,복합,3,고속터미널(3)역,329-141,,기타,2016-03-15,2026-11-09,
432,복합,3,고속터미널(3)역,329-142,,의류,2016-03-15,2026-11-09,
433,복합,3,고속터미널(3)역,329-143,,의류,2016-03-15,2026-11-09,
434,복합,3,고속터미널(3)역,329-144,,기타,2016-03-15,2026-11-09,
435,네트워크,3,고속터미널(3)역,329-201,28.8,화장품,2020-12-23,2026-03-23,15587596
436,개별(일반),3,고속터미널(3)역,329-203,33.75,액세서리,2022-02-21,2027-03-23,22300000
437,복합,3,고속터미널(3)역,329-204,106.63,기타,2021-03-22,2026-07-20,48204012
438,복합,3,고속터미널(3)역,329-205,61.37,기타,2021-03-22,2026-07-20,21472664
439,복합,3,고속터미널(3)역,329-206,20.45,기타,2021-03-22,2026-07-20,9244791
440,개별(일반),3,교대(3)역,330-101,75.3,사무실,2019-05-14,2024-06-12,485000
441,소송상가,3,교대(3)역,330-102,37.7,사무실,2019-06-21,2024-07-20,583500
442,공실,3,교대(3)역,330-103,37.7,,,,
443,소송상가,3,교대(3)역,330-104,37.7,사무실,2019-06-21,2024-07-20,583500
444,개별(대형),3,교대(3)역,330-105,113.1,편의점,2021-08-13,2026-08-13,5376800
445,개별(대형),3,교대(3)역,330-106,146,사무실,2019-04-30,2024-05-29,515600
446,개별(일반),3,교대(3)역,330-107,111.37,기타,2019-04-02,2024-05-31,3320000
447,개별(일반),3,교대(3)역,330-109,75.4,기타,2019-04-02,2024-05-31,
448,개별(일반),3,교대(3)역,330-111,37.7,식음료,2022-01-28,2027-02-27,1227500
449,개별(일반),3,교대(3)역,330-112,37.7,플라워,2021-02-02,2026-03-04,950000
450,개별(일반),3,교대(3)역,330-113,91.4,사무실,2019-05-14,2024-06-12,485800
451,개별(일반),3,양재역,332-102,27.2,기타,2018-05-01,2023-05-30,4391600
452,네트워크,3,양재역,332-103,44.88,액세서리,2018-11-16,2024-01-14,6220358
453,네트워크,3,양재역,332-104,44.98,의류,2018-11-16,2024-01-14,7468411
454,개별(일반),3,양재역,332-105,51.92,의류,2020-12-24,2026-01-23,5250000
455,네트워크,3,양재역,332-106,20,식음료,2021-02-01,2026-06-01,4866457
456,공실,3,양재역,332-108,18,,,,
457,개별(일반),3,양재역,332-110,40,의류,2020-11-06,2025-12-06,4110000
458,네트워크,3,양재역,332-111,21,액세서리,2021-11-22,2027-01-21,2414050
459,개별(일반),3,매봉역,333-101,9.41,식음료,2020-09-14,2025-10-29,566600
460,개별(일반),3,매봉역,333-102,26,제과,2020-10-19,2025-11-18,2520000
461,개별(일반),3,매봉역,333-103,16,편의점,2018-10-12,2023-11-10,2421000
462,개별(일반),3,매봉역,333-104,15.77,의류,2021-11-05,2026-12-05,2016600
463,개별(일반),3,도곡역,334-102,23.18,의류,2021-11-09,2026-12-09,2357000
464,개별(일반),3,도곡역,334-103,21.9,의류,2020-02-07,2025-03-07,867500
465,개별(일반),3,도곡역,334-104,25.04,기타,2020-02-07,2025-03-07,991800
466,개별(일반),3,도곡역,334-201,28.2,의류,2019-06-25,2024-07-24,1585000
467,개별(일반),3,대청역,337-102,26.61,식음료,2020-02-24,2025-03-25,2516600
468,개별(일반),3,대청역,337-103,23,의류,2020-09-17,2025-10-17,1273000
469,공실,3,일원역,338-M01,61.48,,,,
470,개별(일반),3,일원역,338-102,46,편의점,2018-08-28,2023-09-26,5280000
471,개별(일반),3,일원역,338-104,51,의약업,2020-08-31,2025-09-30,3511000
472,개별(대형),3,일원역,338-M05,808,기타,2018-03-10,2023-04-18,8335000
473,개별(일반),3,일원역,338-106,51.7,사무실,2020-10-12,2025-11-11,467500
474,개별(일반),3,수서역,339-101,27.54,식음료,2022-02-21,2027-03-23,11100000
475,네트워크,3,수서역,339-107,38.9,식음료,2021-06-03,2026-08-02,1681327
476,개별(일반),3,수서역,339-108,20.1,의류,2021-08-13,2026-09-12,5054000
477,네트워크,3,수서역,339-109,20.1,액세서리,2021-11-22,2027-01-21,947227
478,개별(일반),3,수서역,339-110,21,의류,2021-10-21,2026-11-20,9071500
479,개별(일반),3,수서역,339-111,21,의약업,2017-11-28,2022-12-27,2640000
480,개별(일반),3,수서역,339-112,28.28,기타,2017-11-28,2022-12-27,3019900
481,개별(일반),3,수서역,339-113,24,액세서리,2018-07-10,2023-08-08,7302800
482,개별(일반),3,수서역,339-114,24,식음료,2018-07-10,2023-08-08,3523300
483,개별(일반),3,가락시장(3)역,340-101,21,제과,2021-05-27,2026-06-26,1200000
484,개별(일반),3,경찰병원역,341-101,57,의약업,2022-01-28,2027-02-27,3520000
485,개별(일반),3,경찰병원역,341-102,37.4,의약업,2021-08-12,2026-09-11,3500000
486,개별(일반),4,당고개역,409-011,23.88,기타,2017-02-14,2022-02-13,387000
487,개별(일반),4,당고개역,409-012,21.8,기타,2018-04-20,2023-05-19,252000
488,개별(일반),4,당고개역,409-022,56.3,기타,2017-01-05,2022-01-04,582000
489,공실,4,당고개역,409-027,28.01,,,,
490,개별(대형),4,당고개역,409-028,311,기타,2021-02-08,2026-04-09,11007000
491,개별(일반),4,당고개역,409-029,27.84,식음료,2020-08-13,2025-09-12,2307000
492,개별(일반),4,상계역,410-001,26.2,의류,2020-11-23,2025-12-23,1418300
493,공실,4,상계역,410-006,21.5,,,,
494,개별(일반),4,상계역,410-007,21.5,기타,2021-03-12,2026-04-11,1516600
495,개별(대형),4,상계역,410-008,100,기타,2018-09-22,2023-10-21,7410300
496,공실,4,상계역,410-009,32.16,,,,
497,개별(일반),4,상계역,410-010,32.16,의류,2021-09-09,2026-10-09,2720000
498,공실,4,상계역,410-011,25.99,,,,
499,공실,4,상계역,410-012,29.11,,,,
500,공실,4,상계역,410-013,48,,,,
501,개별(일반),4,상계역,410-014,59.5,의류,2021-08-13,2026-09-12,2810000
502,개별(일반),4,노원(4)역,411-001,29.9,사무실,2020-12-22,2026-01-21,700000
503,개별(일반),4,노원(4)역,411-003,14.91,제과,2020-08-03,2025-09-02,1650000
504,개별(일반),4,창동역,412-001,11,의류,2021-01-14,2026-02-13,2510000
505,개별(일반),4,창동역,412-003,23,식음료,2020-12-31,2026-01-30,4280000
506,개별(일반),4,창동역,412-004,58.5,의류,2020-11-03,2025-11-03,8626000
507,네트워크,4,수유역,414-101,13.4,액세서리,2018-11-16,2024-01-14,1772817
508,개별(일반),4,수유역,414-102,18.67,기타,2020-02-24,2025-03-25,4033000
509,개별(일반),4,수유역,414-103,18.43,의류,2018-05-09,2023-06-07,969000
510,네트워크,4,수유역,414-104,10.4,플라워,2018-11-27,2024-01-25,1498851
511,네트워크,4,수유역,414-105,12,식음료,2021-06-03,2026-08-02,5176243
512,네트워크,4,수유역,414-106,23,편의점,2017-04-29,2022-04-28,10108400
513,개별(일반),4,수유역,414-107,22.42,제과,2017-12-27,2023-01-25,12021600
514,개별(일반),4,미아사거리역,416-101,44.4,의류,2021-03-15,2026-04-14,7330000
515,개별(일반),4,미아사거리역,416-104,14.8,기타,2021-04-12,2026-05-12,1700000
516,개별(일반),4,미아사거리역,416-105,12,의류,2021-11-25,2026-12-25,3231000
517,개별(일반),4,미아사거리역,416-106,20.78,제과,2021-03-15,2026-04-14,6054000
518,개별(일반),4,미아사거리역,416-107,22.56,의류,2018-05-01,2023-05-30,1570500
519,개별(일반),4,미아사거리역,416-108,16.88,기타,2020-12-07,2026-01-21,710000
520,개별(일반),4,미아사거리역,416-109,17.24,의류,2020-08-20,2025-09-19,980000
521,개별(일반),4,미아사거리역,416-110,33.76,의류,2018-09-04,2023-10-03,3666600
522,개별(일반),4,미아사거리역,416-112,17.24,의류,2019-09-23,2024-09-22,1030000
523,개별(일반),4,미아사거리역,416-113,13.22,의류,2019-04-09,2024-05-08,650000
524,네트워크,4,미아사거리역,416-114,17.06,액세서리,2018-11-16,2024-01-14,1665905
525,개별(일반),4,미아사거리역,416-115,18.66,의약업,2021-08-18,2026-09-17,990000
526,개별(일반),4,미아사거리역,416-116,33.94,의류,2017-06-06,2022-06-05,3050000
527,개별(일반),4,미아사거리역,416-118,24.02,의류,2018-09-14,2023-10-13,2200000
528,개별(일반),4,미아사거리역,416-119,13.86,액세서리,2021-01-08,2026-02-07,3980000
529,개별(일반),4,미아사거리역,416-120,29.03,의류,2017-05-23,2022-05-22,5380000
530,네트워크,4,미아사거리역,416-121,24,식음료,2021-02-01,2026-06-01,7795261
531,개별(일반),4,미아사거리역,416-122,31,제과,2022-01-28,2027-02-27,10521600
532,네트워크,4,미아사거리역,416-123,12,액세서리,2021-11-22,2027-01-21,2165748
533,네트워크,4,길음역,417-101,20.04,화장품,2020-12-23,2026-03-23,1948081
534,개별(대형),4,길음역,417-102,100,기타,2021-01-11,2026-03-11,5500000
535,개별(일반),4,성신여대입구역,418-105,16.5,의류,2021-06-01,2026-07-01,1356600
536,개별(일반),4,성신여대입구역,418-106,19.7,의류,2019-07-16,2024-08-14,1150000
537,개별(일반),4,성신여대입구역,418-107,32.47,액세서리,2020-08-13,2025-09-12,3807000
538,공실,4,성신여대입구역,418-108,30.8,,,,
539,개별(일반),4,성신여대입구역,418-110,21.09,의류,2020-02-19,2025-03-20,2340000
540,개별(일반),4,성신여대입구역,418-111,16,제과,2020-11-04,2025-12-04,3181500
541,공실,4,한성대입구역,419-102,69.34,,,,
542,개별(일반),4,혜화역,420-103,17.46,제과,2021-01-18,2026-02-17,7160000
543,개별(일반),4,혜화역,420-105,20,제과,2021-01-04,2026-02-03,5660000
544,공실,4,동대문(4)역,421-108,23,,,,
545,네트워크,4,동대문(4)역,421-109,28,식음료,2017-12-29,2023-02-06,3054428
546,개별(일반),4,동대문(4)역,421-110,10,제과,2021-01-04,2026-02-03,3350000
547,소송상가,4,동대문(4)역,421-111,24.6,액세서리,2012-04-13,2017-08-16,2568313
548,개별(일반),4,동대문(4)역,421-118,24.47,의류,2020-10-30,2025-11-29,5222000
549,개별(일반),4,동대문(4)역,421-119,12.5,의류,2021-08-12,2026-09-11,6200000
550,소송상가,4,동대문(4)역,421-212,20,액세서리,2012-04-13,2017-08-16,2088060
551,소송상가,4,동대문(4)역,421-213,40.7,의류,2012-04-13,2017-08-16,4249202
552,소송상가,4,동대문(4)역,421-214,40.76,의류,2012-04-13,2017-08-16,4255466
553,소송상가,4,동대문(4)역,421-215,20.36,제과,2012-04-13,2017-08-16,2125645
554,소송상가,4,동대문(4)역,421-216,20.1,제과,2012-04-13,2017-08-16,2098500
555,소송상가,4,동대문(4)역,421-217,19.8,의류,2012-04-13,2017-08-16,2067179
556,공실,4,동대문역사문화공원(4)역,422-104,16.68,,,,
557,공실,4,동대문역사문화공원(4)역,422-109,15,,,,
558,개별(일반),4,동대문역사문화공원(4)역,422-203,27.09,의류,2021-12-28,2027-01-27,7333300
559,개별(일반),4,동대문역사문화공원(4)역,422-205,89,의류,2021-05-26,2026-06-25,3530000
560,네트워크,4,동대문역사문화공원(4)역,422-206,58,액세서리,2021-11-22,2027-01-21,1933539
561,공실,4,동대문역사문화공원(4)역,422-211,30,,,,
562,개별(일반),4,충무로(4)역,423-101,18.86,의류,2021-09-27,2026-10-27,2360000
563,네트워크,4,충무로(4)역,423-102,31.54,화장품,2020-12-23,2026-03-23,6921841
564,네트워크,4,충무로(4)역,423-104,21,식음료,2021-06-03,2026-08-02,3576383
565,개별(일반),4,충무로(4)역,423-109,18.2,편의점,2019-04-30,2024-05-29,3690000
566,네트워크,4,명동역,424-102,26,식음료,2021-02-01,2026-06-01,9605672
567,개별(일반),4,회현역,425-101,20.3,의류,2019-08-24,2024-09-22,4222000
568,개별(일반),4,회현역,425-104,81.7,기타,2020-02-24,2025-03-25,14430000
569,공실,4,회현역,425-203,30,,,,
570,공실,4,숙대입구역,427-101,9.8,,,,
571,개별(일반),4,숙대입구역,427-103,24.7,식음료,2021-12-10,2027-01-09,2270000
572,개별(일반),4,신용산역,429-101,17.8,식음료,2017-04-25,2022-04-24,1500000
573,개별(일반),4,신용산역,429-102,15.5,의류,2021-12-06,2027-01-05,896400
574,개별(일반),4,신용산역,429-103,15.5,플라워,2020-10-31,2025-10-31,801000
575,개별(일반),4,신용산역,429-104,15.5,기타,2018-05-09,2023-06-07,631000
576,개별(일반),4,신용산역,429-105,31,사무실,2020-12-18,2026-01-17,1111200
577,개별(일반),4,신용산역,429-107,15.3,기타,2017-04-04,2022-04-03,710100
578,공실,4,신용산역,429-108,15.3,,,,
579,개별(일반),4,신용산역,429-111,17.5,기타,2017-04-25,2022-04-24,551000
580,개별(일반),4,신용산역,429-112,11.4,식음료,2020-11-09,2025-12-09,1170800
581,개별(일반),4,신용산역,429-113,23.76,기타,2020-08-13,2025-09-12,1462800
582,개별(일반),4,신용산역,429-114,16.95,제과,2020-02-24,2025-03-25,3350000
583,공실,4,이촌역,430-101,22,,,,
584,네트워크,4,이촌역,430-103,19.3,식음료,2018-01-08,2023-02-16,1375427
585,개별(일반),4,동작역,431-002,20,편의점,2017-01-24,2022-01-23,4925000
586,개별(일반),4,동작역,431-003,16,제과,2020-11-09,2025-12-09,3570000
587,개별(일반),4,동작역,431-004,10.75,제과,2019-12-21,2025-01-19,1510000
588,공실,4,총신대입구역,432-103,14.8,,,,
589,개별(일반),4,총신대입구역,432-104,31.9,의류,2021-01-04,2026-02-03,1810000
590,공실,4,총신대입구역,432-106,32.6,,,,
591,개별(일반),4,총신대입구역,432-108,16.3,사무실,2020-11-05,2025-12-05,186000
592,개별(일반),4,총신대입구역,432-109,16.3,기타,2020-08-20,2025-09-19,1033300
593,개별(일반),4,총신대입구역,432-110,16.3,액세서리,2021-12-10,2027-01-09,1606000
594,개별(일반),4,총신대입구역,432-111,16.3,액세서리,2020-10-19,2025-11-18,1416600
595,개별(일반),4,총신대입구역,432-112,16.3,액세서리,2020-10-19,2025-11-18,1416600
596,공실,4,총신대입구역,432-113,16.3,,,,
597,개별(일반),4,총신대입구역,432-114,16.3,기타,2020-10-19,2025-11-18,1430000
598,개별(일반),4,총신대입구역,432-115,31.4,제과,2017-12-27,2023-01-25,3335300
599,개별(일반),4,총신대입구역,432-117,12.63,기타,2020-02-14,2025-03-14,734500
600,개별(일반),4,총신대입구역,432-123,21,플라워,2021-05-26,2026-06-25,1266600
601,개별(일반),4,총신대입구역,432-124,11,액세서리,2021-10-26,2026-11-25,1080000
602,개별(일반),4,총신대입구역,432-125,24,의류,2020-02-24,2025-03-25,2000800
603,네트워크,4,총신대입구역,432-126,21.4,식음료,2018-01-08,2023-02-16,3440245
604,네트워크,4,총신대입구역,432-219,25.06,화장품,2020-12-23,2026-03-23,5451433
605,개별(일반),4,총신대입구역,432-220,12.32,제과,2021-01-04,2026-02-03,4444400
606,네트워크,4,총신대입구역,432-222,36.34,의류,2021-06-03,2026-08-02,5493291
607,개별(일반),4,사당(4)역,433-101,62.6,액세서리,2018-04-13,2023-05-12,12800200
608,개별(일반),4,사당(4)역,433-103,93,액세서리,2020-06-22,2025-07-22,9630000
609,개별(일반),4,사당(4)역,433-106,30.2,기타,2019-10-15,2024-11-13,5020000
610,개별(일반),4,사당(4)역,433-107,15.5,플라워,2021-12-09,2027-01-08,3624400
611,개별(일반),4,사당(4)역,433-108,25.8,의류,2021-03-15,2026-04-14,3696600
612,개별(일반),4,사당(4)역,433-109,15.5,기타,2017-09-19,2022-10-18,2685100
613,개별(일반),4,사당(4)역,433-110,33.8,기타,2020-05-19,2025-06-18,5134000
614,네트워크,4,사당(4)역,433-111,31,의류,2021-06-03,2026-08-02,2225619
615,개별(일반),4,사당(4)역,433-112,62,식음료,2021-01-11,2026-02-10,5700000
616,개별(일반),4,사당(4)역,433-114,31,의류,2021-05-10,2023-05-10,4030000
617,개별(일반),4,사당(4)역,433-115,92.1,의류,2022-02-21,2027-03-23,13330000
618,개별(일반),4,사당(4)역,433-118,61.4,액세서리,2019-06-25,2024-07-24,7110000
619,개별(일반),4,사당(4)역,433-120,30.7,액세서리,2017-04-18,2022-04-17,3716600
620,공실,4,사당(4)역,433-121,30.7,,,,
621,개별(일반),4,사당(4)역,433-122,30.7,의약업,2021-02-26,2026-03-28,5110000
622,개별(일반),4,사당(4)역,433-123,30.7,액세서리,2021-01-04,2026-02-03,3620000
623,개별(일반),4,사당(4)역,433-124,30.7,의류,2021-07-08,2026-08-07,3599900
624,공실,4,사당(4)역,433-125,30.7,,,,
625,개별(일반),4,사당(4)역,433-126,60,의류,2020-12-21,2026-01-20,6310000
626,개별(대형),4,사당(4)역,433-140,408,기타,2021-04-22,2026-06-21,40100000
627,개별(일반),4,사당(4)역,433-141,22,제과,2019-12-21,2025-01-19,4016000
628,네트워크,4,사당(4)역,433-229,88,의류,2021-06-03,2026-08-02,14923226
629,네트워크,4,사당(4)역,433-230,29.4,의류,2021-06-03,2026-08-02,5326048
630,개별(대형),4,사당(4)역,433-239,871.4,기타,2019-11-15,2025-03-13,61517300
631,네트워크,4,사당(4)역,433-242,24.8,의류,2018-05-09,2023-07-07,6011148
632,네트워크,5,방화역,510-101,30,편의점,2018-04-18,2023-06-16,4817020
633,개별(일반),5,방화역,510-102,40.53,플라워,2021-04-19,2026-05-19,2580000
634,네트워크,5,개화산역,511-001,30,편의점,2018-04-18,2023-06-16,4085152
635,개별(대형),5,김포공항역,512-101,103.42,사무실,2020-04-20,2025-05-20,968000
636,네트워크,5,김포공항역,512-201,44.39,제과,2021-09-06,2026-11-05,4927776
637,네트워크,5,김포공항역,512-202,49.96,의류,2018-05-09,2023-07-07,5059554
638,네트워크,5,김포공항역,512-203,32.34,편의점,2018-04-18,2023-06-16,5515621
639,개별(일반),5,김포공항역,512-205,53.97,식음료,2020-04-17,2025-05-17,5940000
640,공실,5,김포공항역,512-207,44.47,,,,
641,개별(일반),5,김포공항역,512-208,43.71,액세서리,2020-08-03,2025-09-02,4130000
642,개별(일반),5,김포공항역,512-209,25.29,사무실,2020-12-28,2026-01-27,722400
643,개별(일반),5,김포공항역,512-210,25.29,의류,2020-08-31,2025-09-30,2901000
644,개별(일반),5,김포공항역,512-211,25.58,의류,2020-08-31,2025-09-30,3101000
645,개별(일반),5,김포공항역,512-212,21.53,플라워,2020-08-03,2025-09-02,4310000
646,개별(일반),5,김포공항역,512-213,53.15,의류,2017-03-09,2022-04-08,4200000
647,개별(일반),5,김포공항역,512-214,48.52,의류,2021-03-15,2026-04-14,4210000
648,네트워크,5,송정역,513-101,21.87,제과,2021-02-25,2026-04-26,2414160
649,네트워크,5,송정역,513-102,22.66,액세서리,2018-05-09,2023-07-07,1582904
650,네트워크,5,송정역,513-201,42.37,편의점,2018-04-18,2023-06-16,6689936
651,개별(일반),5,송정역,513-203,70.51,의류,2021-11-25,2026-12-25,2200000
652,개별(일반),5,송정역,513-204,35.67,의류,2020-02-14,2025-03-14,1810000
653,개별(일반),5,송정역,513-205,16.2,액세서리,2017-10-11,2022-11-09,1051000
654,네트워크,5,발산역,515-102,33,편의점,2018-04-18,2023-06-16,6711005
655,공실,5,발산역,515-103,30,,,,
656,개별(일반),5,발산역,515-104,15.7,기타,2019-12-10,2025-01-08,960000
657,개별(일반),5,발산역,515-105,27.14,의류,2017-03-16,2022-04-15,3250000
658,개별(일반),5,발산역,515-106,39.44,의약업,2021-05-04,2026-06-03,11030000
659,개별(일반),5,발산역,515-107,27.08,의약업,2020-08-03,2025-09-02,4510000
660,네트워크,5,우장산역,516-101,33,편의점,2018-04-18,2023-06-16,6729856
661,네트워크,5,우장산역,516-102,23.76,의류,2018-05-12,2023-07-10,2166887
662,개별(일반),5,우장산역,516-103,14.8,기타,2020-09-07,2025-10-07,947200
663,개별(일반),5,우장산역,516-104,44.8,사무실,2020-12-28,2026-01-27,1685600
664,네트워크,5,우장산역,516-105,19.84,의류,2018-11-16,2024-01-14,1309401
665,개별(일반),5,우장산역,516-106,19.88,의류,2020-08-03,2025-09-02,2180000
666,복합,5,화곡역,517-101,101.16,의류,2017-05-22,2022-09-19,16073607
667,복합,5,화곡역,517-102,39.17,의류,2017-05-22,2022-09-19,11457440
668,복합,5,화곡역,517-103,,의류,2017-05-22,2022-09-19,
669,네트워크,5,화곡역,517-105,30,편의점,2018-04-18,2023-06-16,9956727
670,개별(일반),5,화곡역,517-106,27,화장품,2020-08-03,2025-09-02,7500000
671,네트워크,5,화곡역,517-107,67.04,제과,2021-09-06,2026-11-05,8296201
672,개별(일반),5,화곡역,517-108,33.77,액세서리,2020-09-18,2025-10-18,5100000
673,복합,5,까치산(5)역,518-101,27.45,의류,2017-05-22,2022-09-19,15557824
674,네트워크,5,까치산(5)역,518-102,37.82,편의점,2018-04-18,2023-06-16,9319115
675,개별(일반),5,까치산(5)역,518-103,30.72,의류,2019-10-08,2024-11-06,8152700
676,복합,5,까치산(5)역,518-104,28.07,액세서리,2017-05-22,2022-09-19,12773147
677,개별(일반),5,까치산(5)역,518-106,36.85,제과,2020-08-03,2025-09-02,10180000
678,개별(일반),5,까치산(5)역,518-107,21.25,제과,2020-07-30,2025-08-29,6210000
679,복합,5,까치산(5)역,518-108,19.28,플라워,2017-05-22,2022-09-19,7674176
680,개별(일반),5,까치산(5)역,518-109,24.15,의류,2020-08-03,2025-09-02,9300000
681,복합,5,까치산(5)역,518-110,19.31,의류,2017-05-22,2022-09-19,
682,네트워크,5,신정역,519-201,24,편의점,2018-04-18,2023-06-16,4548669
683,공실,5,신정역,519-202,42.71,,,,
684,개별(일반),5,목동역,520-101,23.69,화장품,2017-03-09,2022-04-08,2500000
685,네트워크,5,목동역,520-102,31,의류,2018-05-09,2023-07-07,3139431
686,네트워크,5,목동역,520-103,30,편의점,2018-04-18,2023-06-16,7015950
687,개별(일반),5,목동역,520-104,22.98,제과,2021-03-15,2026-04-14,6300000
688,공실,5,목동역,520-106,22.8,,,,
689,개별(일반),5,목동역,520-107,26.42,제과,2020-08-03,2025-09-02,4200000
690,복합,5,오목교역,521-101,9.01,기타,2018-10-19,2024-04-16,
691,복합,5,오목교역,521-102,14.15,식음료,2018-10-19,2024-04-16,
692,복합,5,오목교역,521-103,21.95,플라워,2018-10-19,2024-04-16,
693,복합,5,오목교역,521-104,7.61,액세서리,2018-10-19,2024-04-16,
694,복합,5,오목교역,521-105,89.1,의류,2018-10-19,2024-04-16,
695,복합,5,오목교역,521-106,59.87,편의점,2018-10-19,2024-04-16,
696,복합,5,오목교역,521-107,11.64,기타,2018-10-19,2024-04-16,
697,복합,5,오목교역,521-108,116.4,식음료,2018-10-19,2024-04-16,
698,복합,5,오목교역,521-109,106.82,식음료,2018-10-19,2024-04-16,
699,복합,5,오목교역,521-110,18.24,식음료,2018-10-19,2024-04-16,
700,복합,5,오목교역,521-111,118.84,기타,2018-10-19,2024-04-16,
701,복합,5,오목교역,521-112,8.15,기타,2018-10-19,2024-04-16,
702,복합,5,오목교역,521-113,14.07,기타,2018-10-19,2024-04-16,
703,복합,5,오목교역,521-114,33.1,의류,2018-10-19,2024-04-16,
704,복합,5,오목교역,521-115,16.2,플라워,2018-10-19,2024-04-16,
705,복합,5,오목교역,521-116,20.52,제과,2018-10-19,2024-04-16,
706,복합,5,오목교역,521-117,51.85,의류,2018-10-19,2024-04-16,
707,복합,5,오목교역,521-118,52.37,의류,2018-10-19,2024-04-16,
708,복합,5,오목교역,521-119,54.78,기타,2018-10-19,2024-04-16,
709,복합,5,오목교역,521-120,109.56,의류,2018-10-19,2024-04-16,
710,복합,5,오목교역,521-121,127.56,식음료,2018-10-19,2024-04-16,
711,복합,5,오목교역,521-122,65.13,액세서리,2018-10-19,2024-04-16,176500000
712,복합,5,오목교역,521-123,87.78,기타,2018-10-19,2024-04-16,
713,복합,5,오목교역,521-124,78.62,의류,2018-10-19,2024-04-16,
714,복합,5,오목교역,521-125,81.05,의류,2018-10-19,2024-04-16,
715,복합,5,오목교역,521-126,74.86,의류,2018-10-19,2024-04-16,
716,복합,5,오목교역,521-127,53.08,식음료,2018-10-19,2024-04-16,
717,복합,5,오목교역,521-128,26.17,의류,2018-10-19,2024-04-16,
718,복합,5,오목교역,521-129,28.49,식음료,2018-10-19,2024-04-16,
719,복합,5,오목교역,521-130,28.02,제과,2018-10-19,2024-04-16,
720,복합,5,오목교역,521-131,57.6,의류,2018-10-19,2024-04-16,
721,복합,5,오목교역,521-132,18.24,의류,2018-10-19,2024-04-16,
722,복합,5,오목교역,521-201,47.97,의약업,2018-10-19,2024-04-16,
723,복합,5,오목교역,521-202,49,식음료,2018-10-19,2024-04-16,
724,복합,5,오목교역,521-203,27.47,식음료,2018-10-19,2024-04-16,
725,복합,5,오목교역,521-204,21.7,제과,2018-10-19,2024-04-16,
726,복합,5,오목교역,521-205,9.7,식음료,2018-10-19,2024-04-16,
727,네트워크,5,오목교역,521-206,43.51,편의점,2018-04-18,2023-06-16,12003739
728,복합,5,오목교역,521-207,15.16,액세서리,2018-10-19,2024-04-16,
729,복합,5,오목교역,521-208,22.25,식음료,2018-10-19,2024-04-16,
730,복합,5,오목교역,521-209,62.37,식음료,2018-10-19,2024-04-16,
731,복합,5,오목교역,521-210,57.1,기타,2018-10-19,2024-04-16,
732,복합,5,오목교역,521-211,35.8,제과,2018-10-19,2024-04-16,
733,복합,5,오목교역,521-212,36.19,식음료,2018-10-19,2024-04-16,
734,복합,5,오목교역,521-213,31.1,식음료,2018-10-19,2024-04-16,
735,복합,5,오목교역,521-214,37.9,제과,2018-10-19,2024-04-16,
736,네트워크,5,영등포구청(5)역,523-401,34.33,편의점,2018-04-18,2023-06-16,6300716
737,네트워크,5,영등포구청(5)역,523-402,313.4,공유오피스,2021-05-07,2026-11-03,5779441
738,네트워크,5,영등포구청(5)역,523-404,24.8,제과,2021-09-06,2026-11-05,5518570
739,네트워크,5,영등포시장역,524-202,37.3,편의점,2018-04-18,2023-06-16,6361705
740,소송상가,5,신길역,525-101,20,제과,2018-04-10,2023-05-09,12500000
741,네트워크,5,신길역,525-102,40,플라워,2018-11-27,2024-01-25,3163817
742,개별(일반),5,신길역,525-106,10,의류,2018-04-10,2023-05-09,7800000
743,공실,5,여의도역,526-100,47,,,,
744,네트워크,5,여의도역,526-101,35.24,편의점,2018-04-18,2023-06-16,9929005
745,개별(일반),5,여의도역,526-102,22.04,제과,2019-09-20,2024-10-19,2300000
746,네트워크,5,여의도역,526-201,23.65,플라워,2018-11-27,2024-01-25,2792461
747,공실,5,여의도역,526-202,23.65,,,,
748,공실,5,여의도역,526-203,19.93,,,,
749,네트워크,5,여의나루역,527-101,33.39,편의점,2018-04-18,2023-06-16,6716550
750,공실,5,여의나루역,527-102,34.86,,,,
751,네트워크,5,마포역,528-101,29,편의점,2018-04-18,2023-06-16,5945871
752,개별(일반),5,마포역,528-102,17.43,플라워,2021-07-12,2026-08-11,2350000
753,개별(일반),5,마포역,528-103,41.13,기타,2021-02-08,2026-02-07,2960000
754,네트워크,5,마포역,528-104,46.6,제과,2021-09-06,2026-11-05,3861593
755,네트워크,5,마포역,528-401,32.9,액세서리,2018-05-09,2023-07-07,2552265
756,소송상가,5,공덕(5)역,529-101,70.3,기타,2017-02-22,2022-05-23,
757,개별(대형),5,공덕(5)역,529-102,295,기타,2019-01-10,2024-03-10,20000000
758,개별(대형),5,공덕(5)역,529-103,,기타,2019-01-10,2024-03-10,
759,개별(대형),5,공덕(5)역,529-104,,기타,2019-01-10,2024-03-10,
760,개별(대형),5,공덕(5)역,529-105,,기타,2019-01-10,2024-03-10,
761,개별(대형),5,공덕(5)역,529-106,,기타,2019-01-10,2024-03-10,
762,개별(대형),5,공덕(5)역,529-107,,기타,2019-01-10,2024-03-10,
763,개별(대형),5,공덕(5)역,529-108,,기타,2019-01-10,2024-03-10,
764,개별(대형),5,공덕(5)역,529-109,22,기타,2019-01-10,2024-03-10,
765,개별(일반),5,공덕(5)역,529-110,34.5,기타,2019-12-30,2024-12-29,1211600
766,네트워크,5,공덕(5)역,529-111,34.9,편의점,2018-04-18,2023-06-16,7008188
767,네트워크,5,공덕(5)역,529-113,30,공유오피스,2021-05-07,2026-11-03,1126258
768,개별(일반),5,공덕(5)역,529-114,33.71,의류,2022-02-04,2027-03-06,1440500
769,개별(일반),5,공덕(5)역,529-115,37,플라워,2018-11-06,2023-12-05,1654000
770,개별(일반),5,공덕(5)역,529-116,34,의류,2018-12-28,2024-01-26,1280000
771,개별(일반),5,공덕(5)역,529-117,33,플라워,2020-02-25,2025-03-26,1500000
772,공실,5,공덕(5)역,529-118,32,,,,
773,개별(일반),5,공덕(5)역,529-119,32,의류,2018-11-06,2023-12-05,1350000
774,개별(일반),5,공덕(5)역,529-120,47.3,플라워,2021-07-05,2026-08-04,2517800
775,공실,5,공덕(5)역,529-121,52,,,,
776,개별(일반),5,공덕(5)역,529-122,41.58,플라워,2020-11-13,2025-12-13,2815000
777,개별(일반),5,공덕(5)역,529-123,28.5,의류,2020-02-24,2025-03-25,1170000
778,네트워크,5,공덕(5)역,529-130,32.2,공유오피스,2021-05-07,2026-11-03,2801979
779,네트워크,5,공덕(5)역,529-131,32,공유오피스,2021-05-07,2026-11-03,
780,네트워크,5,공덕(5)역,529-132,32,공유오피스,2021-05-07,2026-11-03,
781,네트워크,5,공덕(5)역,529-133,48.5,공유오피스,2021-05-07,2026-11-03,
782,네트워크,5,공덕(5)역,529-134,28.2,공유오피스,2021-05-07,2026-11-03,
783,개별(일반),5,공덕(5)역,529-202,28.6,의류,2021-07-23,2026-08-22,1833300
784,개별(일반),5,공덕(5)역,529-203,28.7,의류,2021-07-23,2026-08-22,
785,네트워크,5,애오개역,530-101,32.2,편의점,2018-04-18,2023-06-16,4577500
786,개별(일반),5,충정로(5)역,531-101,42,사무실,2020-04-16,2025-05-16,550000
787,개별(일반),5,충정로(5)역,531-201,20,의류,2021-07-19,2026-08-18,447500
788,네트워크,5,충정로(5)역,531-202,45,편의점,2018-04-18,2023-06-16,5773993
789,개별(일반),5,충정로(5)역,531-203,36.85,사무실,2020-12-31,2026-01-30,552900
790,공실,5,충정로(5)역,531-204,29.01,,,,
791,공실,5,충정로(5)역,531-205,29.01,,,,
792,개별(일반),5,서대문역,532-101,14.74,플라워,2019-04-30,2024-05-29,833000
793,공실,5,서대문역,532-102,8.25,,,,
794,공실,5,서대문역,532-103,10.5,,,,
795,네트워크,5,서대문역,532-104,30.32,편의점,2018-04-18,2023-06-16,5124183
796,공실,5,서대문역,532-105,10.5,,,,
797,개별(일반),5,서대문역,532-106,42.95,의류,2018-10-12,2023-11-10,5021000
798,개별(일반),5,서대문역,532-107,11.88,제과,2021-03-15,2026-04-14,3011000
799,개별(일반),5,서대문역,532-108,9.05,제과,2017-04-14,2022-05-14,600000
800,공실,5,서대문역,532-109,9.06,,,,
801,공실,5,서대문역,532-301,25.79,,,,
802,개별(대형),5,광화문역,533-101,849,기타,2020-10-29,2026-02-26,8525000
803,네트워크,5,광화문역,533-103,56,편의점,2018-04-18,2023-06-16,25342583
804,네트워크,5,광화문역,533-104,10,의류,2018-11-16,2024-01-14,1236200
805,공실,5,종로3가(5)역,534-101,67.28,,,,
806,네트워크,5,종로3가(5)역,534-202,29.48,편의점,2018-04-18,2023-06-16,8575050
807,개별(일반),5,종로3가(5)역,534-301,21.4,식음료,2017-04-14,2022-05-14,1360000
808,개별(일반),5,을지로4가(5)역,535-101,29.82,사무실,2019-05-08,2024-06-06,302500
809,개별(일반),5,을지로4가(5)역,535-102,16.8,액세서리,2017-09-16,2022-10-15,1500000
810,개별(일반),5,을지로4가(5)역,535-103,19.6,액세서리,2018-04-10,2023-05-09,799000
811,네트워크,5,을지로4가(5)역,535-104,34.98,편의점,2018-04-18,2023-06-16,5063194
812,개별(일반),5,을지로4가(5)역,535-105,41.45,의류,2019-10-29,2024-11-27,633300
813,개별(일반),5,을지로4가(5)역,535-106,41.45,사무실,2019-05-08,2024-06-06,512300
814,네트워크,5,청구(5)역,537-301,47.89,액세서리,2021-11-22,2027-01-21,2357147
815,네트워크,5,청구(5)역,537-302,30,제과,2021-09-06,2026-11-05,3832696
816,네트워크,5,청구(5)역,537-304,46.33,편의점,2018-04-18,2023-06-16,5754033
817,개별(일반),5,청구(5)역,537-305,18,제과,2019-12-19,2025-01-17,3360000
818,네트워크,5,신금호역,538-101,39.14,편의점,2018-04-18,2023-06-16,5585481
819,개별(일반),5,신금호역,538-102,23.5,의류,2020-12-03,2026-01-02,1239900
820,네트워크,5,행당역,539-101,41.46,편의점,2018-04-18,2023-06-16,6615641
821,개별(일반),5,행당역,539-301,30.84,플라워,2019-09-20,2024-10-19,2100000
822,공실,5,행당역,539-302,39,,,,
823,개별(일반),5,행당역,539-303,46.78,제과,2021-05-10,2026-06-09,2200000
824,네트워크,5,왕십리(5)역,540-201,40,편의점,2018-04-18,2023-06-16,5167430
825,개별(일반),5,왕십리(5)역,540-202,10.3,액세서리,2017-04-14,2022-05-14,650000
826,네트워크,5,왕십리(5)역,540-203,50.84,화장품,2020-12-23,2026-03-23,3968788
827,네트워크,5,왕십리(5)역,540-401,204,공유오피스,2021-05-07,2026-11-03,2556015
828,개별(일반),5,왕십리(5)역,540-402,53.75,식음료,2020-06-03,2025-07-03,3310000
829,개별(일반),5,왕십리(5)역,540-403,53.7,기타,2017-09-16,2022-10-15,2640000
830,개별(일반),5,왕십리(5)역,540-404,53.7,의류,2017-03-16,2022-04-15,3020000
831,개별(일반),5,왕십리(5)역,540-405,55.83,의류,2019-12-18,2025-01-16,3640000
832,개별(일반),5,왕십리(5)역,540-406,50,사무실,2018-04-21,2023-05-20,516600
833,공실,5,왕십리(5)역,540-407,84.48,,,,
834,개별(일반),5,왕십리(5)역,540-408,37,의류,2019-10-29,2024-11-27,4640000
835,개별(일반),5,왕십리(5)역,540-409,37,제과,2019-10-01,2024-10-30,5610000
836,개별(일반),5,왕십리(5)역,540-410,73.57,의류,2021-05-10,2026-06-09,4030000
837,네트워크,5,마장역,541-101,30,편의점,2018-04-18,2023-06-16,4361266
838,개별(일반),5,답십리역,542-101,50,의류,2020-06-15,2025-07-15,1250000
839,개별(일반),5,답십리역,542-103,61.97,기타,2019-11-12,2024-12-11,421600
840,개별(일반),5,답십리역,542-104,57.89,식음료,2020-08-03,2025-09-02,4560000
841,개별(일반),5,답십리역,542-202,25.5,제과,2019-09-23,2024-09-22,1800000
842,공실,5,답십리역,542-203,35.8,,,,
843,네트워크,5,답십리역,542-204,40,편의점,2018-04-18,2023-06-16,8179176
844,개별(일반),5,답십리역,542-205,28.86,의류,2022-01-17,2027-02-16,2200000
845,개별(일반),5,장한평역,543-101,24.5,기타,2021-06-07,2026-07-07,1800000
846,개별(일반),5,장한평역,543-102,31.9,의류,2021-05-10,2026-06-09,2260000
847,네트워크,5,장한평역,543-103,52.8,편의점,2018-04-18,2023-06-16,11054529
848,네트워크,5,장한평역,543-201,29.8,제과,2021-09-06,2026-11-05,4296737
849,공실,5,장한평역,543-202,35.62,,,,
850,개별(일반),5,장한평역,543-203,31.98,액세서리,2017-03-09,2022-04-08,3022000
851,개별(대형),5,군자(5)역,544-103,90.6,화장품,2018-02-22,2023-04-02,7050000
852,개별(대형),5,군자(5)역,544-104,48,의류,2018-04-16,2023-04-02,
853,개별(일반),5,군자(5)역,544-107,44.67,화장품,2020-02-20,2025-03-21,3600000
854,네트워크,5,아차산역,545-101,19.6,제과,2021-09-06,2026-11-05,3182079
855,개별(일반),5,아차산역,545-102,19.6,플라워,2017-10-11,2022-11-09,2000000
856,개별(일반),5,아차산역,545-103,31.21,의류,2020-12-31,2026-01-30,2930000
857,네트워크,5,아차산역,545-201,48.37,의류,2018-05-09,2023-07-07,3556078
858,네트워크,5,아차산역,545-202,28.72,편의점,2018-04-18,2023-06-16,5882664
859,개별(일반),5,아차산역,545-203,44.22,식음료,2018-12-28,2024-01-26,2833300
860,네트워크,5,광나루역,546-101,53.26,의류,2018-05-09,2023-07-07,3726868
861,개별(일반),5,광나루역,546-201,62.2,제과,2020-09-18,2025-10-18,3063600
862,네트워크,5,광나루역,546-202,45,편의점,2018-04-18,2023-06-16,8972033
863,개별(일반),5,광나루역,546-203,17.86,플라워,2018-10-23,2023-11-21,2150000
864,복합,5,천호(5)역,547-101,210,의류,2017-07-07,2022-11-04,217793378
865,복합,5,천호(5)역,547-102,214.67,화장품,2017-07-07,2022-11-04,
866,복합,5,천호(5)역,547-103,142.68,의류,2017-07-07,2022-11-04,
867,복합,5,천호(5)역,547-104,142.68,의류,2017-07-07,2022-11-04,
868,복합,5,천호(5)역,547-105,120.19,의류,2017-07-07,2022-11-04,
869,복합,5,천호(5)역,547-106,43.9,의류,2017-07-07,2022-11-04,
870,복합,5,천호(5)역,547-107,54.27,의류,2017-07-07,2022-11-04,
871,복합,5,천호(5)역,547-108,25.63,기타,2017-07-07,2022-11-04,
872,복합,5,천호(5)역,547-109,12.37,기타,2017-07-07,2022-11-04,
873,복합,5,천호(5)역,547-110,38.58,의류,2017-07-07,2022-11-04,
874,복합,5,천호(5)역,547-111,30.65,의류,2017-07-07,2022-11-04,
875,복합,5,천호(5)역,547-112,30.65,의류,2017-07-07,2022-11-04,
876,복합,5,천호(5)역,547-113,47.07,화장품,2017-07-07,2022-11-04,
877,복합,5,천호(5)역,547-114,47.47,화장품,2017-07-07,2022-11-04,
878,복합,5,천호(5)역,547-115,47.55,화장품,2017-07-07,2022-11-04,
879,복합,5,천호(5)역,547-116,47.32,액세서리,2017-07-07,2022-11-04,
880,복합,5,천호(5)역,547-117,34.15,제과,2017-07-07,2022-11-04,
881,복합,5,천호(5)역,547-119,34.17,의류,2017-07-07,2022-11-04,
882,복합,5,천호(5)역,547-121,66.6,제과,2017-07-07,2022-11-04,
883,복합,5,천호(5)역,547-122,72.11,식음료,2017-07-07,2022-11-04,
884,복합,5,천호(5)역,547-123,22.41,식음료,2017-07-07,2022-11-04,
885,복합,5,천호(5)역,547-124,23.42,의류,2017-07-07,2022-11-04,
886,복합,5,천호(5)역,547-125,19.59,식음료,2017-07-07,2022-11-04,
887,복합,5,천호(5)역,547-126,53,사무실,2017-07-07,2022-11-04,
888,복합,5,천호(5)역,547-201,22.38,의류,2017-07-07,2022-11-04,
889,복합,5,천호(5)역,547-202,56.22,액세서리,2017-07-07,2022-11-04,
890,복합,5,천호(5)역,547-203,238.24,기타,2017-07-07,2022-11-04,
891,개별(일반),5,강동역,548-101,15,의류,2020-03-02,2025-04-01,2842500
892,개별(일반),5,강동역,548-102,15,의류,2019-12-20,2025-01-18,2638000
893,네트워크,5,강동역,548-103,57.26,편의점,2018-04-18,2023-06-16,10222861
894,개별(일반),5,강동역,548-104,24.44,기타,2020-10-23,2025-11-22,1880000
895,소송상가,5,강동역,548-301,29.58,의류,2016-11-07,2022-02-05,14919520
896,소송상가,5,강동역,548-302,31.58,제과,2016-11-07,2022-02-05,
897,소송상가,5,강동역,548-303,20.44,제과,2016-11-07,2022-02-05,
898,소송상가,5,강동역,548-304,96.47,기타,2016-11-07,2022-02-05,
899,소송상가,5,강동역,548-305,202.41,의류,2016-11-07,2022-02-05,
900,소송상가,5,강동역,548-306,16.4,기타,2016-11-07,2022-02-05,
901,네트워크,5,길동역,549-101,31.82,편의점,2018-04-18,2023-06-16,5116421
902,네트워크,5,굽은다리역,550-101,30,편의점,2018-04-18,2023-06-16,5299388
903,개별(일반),5,굽은다리역,550-102,14.5,의류,2017-03-09,2022-04-08,999990
904,공실,5,굽은다리역,550-103,34.43,,,,
905,개별(일반),5,굽은다리역,550-104,34.43,제과,2020-09-18,2025-10-18,2516600
906,개별(일반),5,굽은다리역,550-105,23,제과,2018-09-28,2023-10-27,3130000
907,네트워크,5,명일역,551-101,30,편의점,2018-04-18,2023-06-16,5086481
908,개별(일반),5,명일역,551-102,44.27,의류,2018-10-23,2023-11-21,2300000
909,개별(일반),5,명일역,551-103,25.05,의류,2020-12-17,2026-01-16,1200000
910,개별(일반),5,명일역,551-104,29.77,의류,2020-12-02,2026-01-01,1481800
911,네트워크,5,고덕역,552-101,28.62,편의점,2018-04-18,2023-06-16,5036580
912,개별(일반),5,고덕역,552-102,42.94,제과,2017-10-11,2022-11-09,2876000
913,공실,5,고덕역,552-104,32.66,,,,
914,네트워크,5,상일동역,553-101,31.46,편의점,2018-04-18,2023-06-16,5759577
915,개별(일반),5,상일동역,553-102,17.85,의류,2019-04-02,2024-05-01,1100000
916,개별(일반),5,상일동역,553-103,17.92,제과,2017-09-16,2022-10-15,1200000
917,네트워크,5,둔촌동역,554-101,29,편의점,2018-04-18,2023-06-16,5386990
918,개별(일반),5,둔촌동역,554-102,28.71,기타,2020-12-24,2026-01-23,1750000
919,개별(일반),5,둔촌동역,554-103,13.5,의류,2019-12-21,2025-01-19,2065000
920,개별(일반),5,둔촌동역,554-104,31.17,제과,2021-04-07,2026-05-07,3752500
921,개별(일반),5,둔촌동역,554-105,49.53,의류,2021-10-14,2026-11-13,4310000
922,네트워크,5,올림픽공원역,555-201,37.2,편의점,2018-04-18,2023-06-16,5832764
923,공실,5,방이역,556-101,19.3,,,,
924,네트워크,5,방이역,556-102,36.48,편의점,2018-04-18,2023-06-16,5832764
925,네트워크,5,오금(5)역,557-101,27.38,편의점,2018-04-18,2023-06-16,3373245
926,네트워크,5,개롱역,558-101,40,편의점,2018-04-18,2023-06-16,6316240
927,네트워크,5,거여역,559-101,28.98,편의점,2018-04-18,2023-06-16,4559758
928,네트워크,5,마천역,560-201,30,편의점,2018-04-18,2023-06-16,4234853
929,네트워크,6,응암역,610-101,34.64,제과,2021-09-06,2026-11-05,7940972
930,67일괄,6,응암역,610-102,30,,2013-10-25,2019-10-24,5083648
931,67일괄,6,응암역,610-103,50,,2013-10-25,2019-10-24,8472747
932,67일괄,6,응암역,610-104,31,,2013-10-25,2019-10-24,5253103
933,67일괄,6,응암역,610-105,15,,2013-10-25,2019-10-24,2541824
934,네트워크,6,응암역,610-201,38.8,편의점,2022-02-03,2027-05-04,16641024
935,네트워크,6,역촌역,611-101,31.5,편의점,2022-02-03,2027-05-04,3889667
936,공실,6,역촌역,611-102,72,,,,
937,공실,6,역촌역,611-103,37,,,,
938,공실,6,역촌역,611-104,37,,,,
939,개별(일반),6,불광(6)역,612-101,43,기타,2020-02-24,2025-02-24,495000
940,공실,6,불광(6)역,612-104,46,,,,
941,공실,6,불광(6)역,612-201,30,,,,
942,네트워크,6,불광(6)역,612-202,30,편의점,2022-02-03,2027-05-04,1370645
943,네트워크,6,독바위역,613-101,31.3,편의점,2022-02-03,2027-05-04,2860106
944,공실,6,독바위역,613-102,85,,,,
945,네트워크,6,연신내(6)역,614-101,44,편의점,2022-02-03,2027-05-04,11916787
946,개별(일반),6,연신내(6)역,614-301,12,식음료,2020-02-24,2025-03-25,1386900
947,네트워크,6,연신내(6)역,614-302,26.6,의류,2018-05-12,2023-07-10,2500150
948,개별(일반),6,연신내(6)역,614-502,14.17,의류,2017-03-16,2022-04-15,3550000
949,네트워크,6,구산역,615-101,33.2,편의점,2022-02-03,2027-05-04,7210770
950,67일괄,6,구산역,615-103,30,,2013-10-25,2019-10-24,2106614
951,67일괄,6,구산역,615-104,33,,2013-10-25,2019-10-24,2317275
952,개별(일반),6,새절역,616-101,43.6,식음료,2020-04-09,2025-05-09,4100000
953,네트워크,6,새절역,616-102,25,편의점,2022-02-03,2027-05-04,8914678
954,개별(일반),6,새절역,616-103,30.14,의류,2021-03-18,2026-04-17,3780000
955,개별(일반),6,새절역,616-104,26,의류,2018-10-23,2023-11-21,3595400
956,67일괄,6,새절역,616-105,39,,2013-10-25,2019-10-24,2861111
957,네트워크,6,증산역,617-101,28,편의점,2022-02-03,2027-05-04,7956050
958,개별(일반),6,증산역,617-102,31,의류,2020-07-13,2025-08-12,3154000
959,67일괄,6,증산역,617-103,37,,2013-10-25,2019-10-24,3286074
960,67일괄,6,증산역,617-104,29,,2013-10-25,2019-10-24,2575571
961,67일괄,6,증산역,617-105,48,,2013-10-25,2019-10-24,4263015
962,개별(일반),6,디지털미디어시티역,618-003,95.86,의약업,2016-10-20,2027-01-18,3882000
963,개별(대형),6,디지털미디어시티역,618-004,212.39,의약업,2016-10-21,2027-01-19,4970000
964,네트워크,6,디지털미디어시티역,618-101,31.64,액세서리,2018-05-09,2023-07-07,2608636
965,네트워크,6,디지털미디어시티역,618-102,33,편의점,2022-02-03,2027-05-04,6279857
966,67일괄,6,디지털미디어시티역,618-104,110,,2013-10-25,2019-10-24,10227973
967,67일괄,6,디지털미디어시티역,618-106,40,,2013-10-25,2019-10-24,4508573
968,67일괄,6,디지털미디어시티역,618-107,30,,2013-10-25,2019-10-24,3381430
969,67일괄,6,디지털미디어시티역,618-108,81,,2013-10-25,2019-10-24,8869952
970,67일괄,6,디지털미디어시티역,618-109,33,,2013-10-25,2019-10-24,3613684
971,네트워크,6,월드컵경기장역,619-201,43,편의점,2022-02-03,2027-05-04,4265462
972,네트워크,6,마포구청역,620-101,39,편의점,2022-02-03,2027-05-04,8887786
973,67일괄,6,마포구청역,620-102,32.58,,,,7637080
974,개별(일반),6,마포구청역,620-104,73,사무실,2022-03-11,2027-04-10,508200
975,67일괄,6,마포구청역,620-201,40,,2013-10-25,2019-10-24,3720020
976,67일괄,6,마포구청역,620-202,51,,2013-10-25,2019-10-24,4743025
977,67일괄,6,마포구청역,620-203,35,,2013-10-25,2019-10-24,1041394
978,67일괄,6,마포구청역,620-204,44,,2013-10-25,2019-10-24,1309181
979,네트워크,6,망원역,621-101,28,편의점,2022-02-03,2027-05-04,7733234
980,개별(일반),6,망원역,621-102,45.17,의류,2021-11-17,2026-12-17,2120000
981,67일괄,6,망원역,621-103,29,,2013-10-25,2019-10-24,2486148
982,67일괄,6,망원역,621-104,50,,2013-10-25,2019-10-24,4286462
983,67일괄,6,망원역,621-105,39,,2013-10-25,2019-10-24,3343440
984,개별(일반),6,합정(6)역,622-101,28.51,제과,2021-03-15,2026-04-14,4033300
985,네트워크,6,합정(6)역,622-102,37.67,의류,2018-05-12,2023-07-10,4586462
986,네트워크,6,합정(6)역,622-103,45,편의점,2022-02-03,2027-05-04,19812605
987,개별(일반),6,합정(6)역,622-106,58,기타,2020-07-15,2025-08-14,8034000
988,개별(일반),6,합정(6)역,622-107,42.41,기타,2021-07-01,2026-07-31,4365000
989,67일괄,6,합정(6)역,622-108,50,,2013-10-25,2019-10-24,4494109
990,67일괄,6,합정(6)역,622-109,60,,2013-10-25,2019-10-24,6947262
991,67일괄,6,합정(6)역,622-117,75,,2013-10-25,2019-10-24,6741164
992,개별(일반),6,합정(6)역,622-301,11.7,제과,2021-07-09,2026-08-08,4500000
993,소송상가,6,합정(6)역,622-302,42.2,액세서리,2017-02-22,2022-05-23,8057669
994,공실,6,합정(6)역,622-303,15.8,,,,
995,개별(일반),6,합정(6)역,622-304,33.2,의류,2021-07-09,2026-08-08,13000000
996,소송상가,6,합정(6)역,622-305,90.4,의류,2017-02-22,2022-05-23,14505111
997,소송상가,6,합정(6)역,622-306,12.6,화장품,2017-02-22,2022-05-23,1986274
998,네트워크,6,합정(6)역,622-307,22.54,플라워,2018-11-27,2024-01-25,2778813
999,67일괄,6,합정(6)역,622-308,33.9,,2018-04-10,2023-05-09,10300000
1000,공실,6,상수역,623-101,33,,,,
1001,공실,6,상수역,623-102,33,,,,
1002,네트워크,6,상수역,623-201,35,편의점,2022-02-03,2027-05-04,10415664
1003,공실,6,상수역,623-202,29,,,,
1004,공실,6,상수역,623-203,38,,,,
1005,공실,6,상수역,623-204,41,,,,
1006,공실,6,상수역,623-205,38,,,,
1007,네트워크,6,광흥창역,624-101,40,편의점,2022-02-03,2027-05-04,5471602
1008,67일괄,6,광흥창역,624-102,25,,2013-10-25,2019-10-24,2941547
1009,67일괄,6,광흥창역,624-203,187,,2013-10-25,2019-10-24,3496830
1010,67일괄,6,광흥창역,624-206,66,,2013-10-25,2019-10-24,2366071
1011,네트워크,6,대흥역,625-101,45,편의점,2022-02-03,2027-05-04,9890867
1012,개별(일반),6,대흥역,625-102,43.67,의류,2019-11-19,2024-12-18,2870000
1013,공실,6,대흥역,625-203,23,,,,
1014,개별(일반),6,공덕(6)역,626-124,36,의류,2018-09-21,2023-10-20,7269700
1015,개별(일반),6,공덕(6)역,626-125,37,의류,2020-02-24,2025-03-25,6671100
1016,개별(일반),6,공덕(6)역,626-126,32,기타,2021-03-13,2026-03-12,2770000
1017,공실,6,공덕(6)역,626-127,27,,,,
1018,개별(일반),6,공덕(6)역,626-128,24,화장품,2018-06-22,2023-07-21,7500000
1019,네트워크,6,공덕(6)역,626-129,39.4,편의점,2022-02-03,2027-05-04,17509209
1020,67일괄,6,공덕(6)역,626-130,30,,2013-10-25,2019-10-24,5205379
1021,67일괄,6,공덕(6)역,626-131,22,,2013-10-25,2019-10-24,3817278
1022,개별(일반),6,공덕(6)역,626-132,32,식음료,2020-07-16,2025-08-15,6880000
1023,67일괄,6,공덕(6)역,626-133,48,,2013-10-25,2019-10-24,3600246
1024,개별(대형),6,공덕(6)역,626-135,165,제과,2021-07-12,2026-07-12,23540000
1025,소송상가,6,공덕(6)역,626-136,112,의류,2017-02-22,2022-05-23,10835534
1026,공실,6,공덕(6)역,626-201,13.6,,,,
1027,67일괄,6,공덕(6)역,626-202,52,,2013-10-25,2019-10-24,4511328
1028,네트워크,6,효창공원앞역,627-101,43,편의점,2022-02-03,2027-05-04,8991099
1029,67일괄,6,효창공원앞역,627-102,33,,2013-10-25,2019-10-24,2124009
1030,개별(일반),6,효창공원앞역,627-103,31,제과,2020-07-06,2025-08-05,2583300
1031,67일괄,6,효창공원앞역,627-104,33,,2013-10-25,2019-10-24,2124009
1032,67일괄,6,효창공원앞역,627-105,31,,2013-10-25,2019-10-24,1995281
1033,67일괄,6,효창공원앞역,627-106,63,,2013-10-25,2019-10-24,4054926
1034,개별(일반),6,삼각지(6)역,628-165,258.2,사무실,2020-06-26,2025-06-25,1882000
1035,네트워크,6,삼각지(6)역,628-301,31.8,편의점,2022-02-03,2027-05-04,6767033
1036,공실,6,삼각지(6)역,628-307,46,,,,
1037,공실,6,삼각지(6)역,628-308,40,,,,
1038,네트워크,6,녹사평역,629-101,40,편의점,2022-02-03,2027-05-04,8687609
1039,네트워크,6,이태원역,630-101,25,편의점,2022-02-03,2027-05-04,11524939
1040,67일괄,6,이태원역,630-102,19,,2013-10-25,2019-10-24,3650937
1041,67일괄,6,이태원역,630-103,34,,2013-10-25,2019-10-24,6533256
1042,네트워크,6,한강진역,631-101,40,편의점,2022-02-03,2027-05-04,8226611
1043,공실,6,한강진역,631-102,64,,,,
1044,개별(일반),6,한강진역,631-104,62,제과,2020-07-06,2025-08-05,2133300
1045,67일괄,6,한강진역,631-105,64,,2013-10-25,2019-10-24,1916907
1046,공실,6,버티고개역,632-102,26,,,,
1047,네트워크,6,약수(6)역,633-203,77,편의점,2022-02-03,2027-05-04,10564528
1048,공실,6,약수(6)역,633-204,46,,,,
1049,공실,6,약수(6)역,633-205,85,,,,
1050,공실,6,약수(6)역,633-206,33,,,,
1051,공실,6,약수(6)역,633-207,39,,,,
1052,네트워크,6,신당(6)역,635-101,40,편의점,2022-02-03,2027-05-04,7397913
1053,67일괄,6,신당(6)역,635-103,73,,2013-10-25,2019-10-24,4753311
1054,67일괄,6,신당(6)역,635-105,30,,2013-10-25,2019-10-24,1953415
1055,67일괄,6,신당(6)역,635-106,26,,2013-10-25,2019-10-24,993870
1056,공실,6,신당(6)역,635-201,34.1,,,,
1057,네트워크,6,신당(6)역,635-202,142.14,의류,2018-05-12,2023-07-10,8994730
1058,개별(일반),6,신당(6)역,635-203,30,플라워,2020-01-10,2025-02-08,1985000
1059,네트워크,6,동묘앞(6)역,636-201,48,편의점,2022-02-03,2027-05-04,6967649
1060,67일괄,6,동묘앞(6)역,636-205,26,,2013-10-25,2019-10-24,1773057
1061,67일괄,6,동묘앞(6)역,636-206,30,,2013-10-25,2019-10-24,2045835
1062,67일괄,6,동묘앞(6)역,636-207,43,,2013-10-25,2019-10-24,2932363
1063,네트워크,6,창신역,637-101,28,편의점,2022-02-03,2027-05-04,2689152
1064,공실,6,보문역,638-101,43.35,,,,
1065,개별(일반),6,보문역,638-102,14.1,기타,2018-11-20,2023-12-19,825000
1066,네트워크,6,보문역,638-103,35,편의점,2022-02-03,2027-05-04,7083036
1067,개별(일반),6,보문역,638-105,24,액세서리,2020-06-29,2025-07-29,1650000
1068,67일괄,6,보문역,638-106,36,,2013-10-25,2019-10-24,3020041
1069,67일괄,6,안암역,639-103,31,,2013-10-25,2019-10-24,2136200
1070,67일괄,6,안암역,639-104,31,,2013-10-25,2019-10-24,2136200
1071,67일괄,6,안암역,639-105,17,,2013-10-25,2019-10-24,1210103
1072,네트워크,6,안암역,639-201,42.2,편의점,2022-02-03,2027-05-04,14660052
1073,공실,6,안암역,639-202,40.99,,,,
1074,공실,6,안암역,639-203,30,,,,
1075,67일괄,6,안암역,639-204,27,,2013-10-25,2019-10-24,5131205
1076,네트워크,6,고려대역,640-101,35,편의점,2022-02-03,2027-05-04,10602944
1077,공실,6,고려대역,640-102,38.4,,,,
1078,공실,6,고려대역,640-103,63,,,,
1079,공실,6,고려대역,640-104,37,,,,
1080,공실,6,고려대역,640-105,25,,,,
1081,네트워크,6,월곡역,641-101,35,편의점,2022-02-03,2027-05-04,11260826
1082,67일괄,6,월곡역,641-102,27,,2013-10-25,2019-10-24,3400715
1083,67일괄,6,월곡역,641-103,30,,2013-10-25,2019-10-24,4528547
1084,개별(일반),6,월곡역,641-201,31.83,식음료,2018-11-27,2023-12-26,1050000
1085,67일괄,6,월곡역,641-202,16,,2013-10-25,2019-10-24,1882590
1086,67일괄,6,월곡역,641-203,58,,2013-10-25,2019-10-24,9048484
1087,67일괄,6,월곡역,641-204,85,,2013-10-25,2019-10-24,5621941
1088,네트워크,6,상월곡역,642-201,38.4,편의점,2022-02-03,2027-05-04,4299077
1089,공실,6,상월곡역,642-205,95,,,,
1090,네트워크,6,돌곶이역,643-101,37.8,편의점,2022-02-03,2027-05-04,8738785
1091,공실,6,돌곶이역,643-102,53,,,,
1092,공실,6,돌곶이역,643-103,30,,,,
1093,개별(일반),6,돌곶이역,643-104,41,의류,2020-07-24,2025-08-23,3270000
1094,공실,6,돌곶이역,643-105,22,,,,
1095,공실,6,돌곶이역,643-106,15,,,,
1096,공실,6,돌곶이역,643-107,37,,,,
1097,공실,6,석계역,644-102,72,,,,
1098,공실,6,석계역,644-103,17,,,,
1099,공실,6,석계역,644-104,17,,,,
1100,공실,6,석계역,644-105,17,,,,
1101,공실,6,석계역,644-106,33,,,,
1102,공실,6,석계역,644-107,29,,,,
1103,네트워크,6,석계역,644-202,25.7,제과,2021-09-06,2026-11-05,6595610
1104,네트워크,6,석계역,644-205,58,편의점,2022-02-03,2027-05-04,16162081
1105,공실,6,석계역,644-209,30,,,,
1106,공실,6,석계역,644-210,49,,,,
1107,공실,6,석계역,644-211,33,,,,
1108,공실,6,석계역,644-212,33,,,,
1109,공실,6,태릉입구(6)역,645-101,22.97,,,,
1110,개별(일반),6,태릉입구(6)역,645-103,31.5,의류,2019-10-29,2024-11-27,1290000
1111,개별(일반),6,태릉입구(6)역,645-104,40,의류,2019-11-12,2024-12-11,1680000
1112,개별(일반),6,태릉입구(6)역,645-106,36,의류,2021-01-15,2026-03-01,729000
1113,67일괄,6,태릉입구(6)역,645-109,39,,2013-10-25,2019-10-24,1934017
1114,67일괄,6,태릉입구(6)역,645-110,78,,2013-10-25,2019-10-24,3868033
1115,67일괄,6,태릉입구(6)역,645-112,38,,2013-10-25,2019-10-24,1884427
1116,개별(일반),6,태릉입구(6)역,645-113,33,기타,2020-07-23,2025-08-22,1483300
1117,67일괄,6,태릉입구(6)역,645-114,97,,2013-10-25,2019-10-24,4310464
1118,네트워크,6,태릉입구(6)역,645-301,27.27,의류,2018-05-12,2023-07-10,2212067
1119,네트워크,6,화랑대역,646-101,30,편의점,2022-02-03,2027-05-04,7478862
1120,개별(일반),6,화랑대역,646-102,34.6,기타,2021-06-07,2026-07-07,1441600
1121,개별(일반),6,화랑대역,646-103,32,의류,2019-09-23,2024-09-22,1130000
1122,67일괄,6,화랑대역,646-104,50,,2013-10-25,2019-10-24,3666969
1123,67일괄,6,화랑대역,646-105,30,,2013-10-25,2019-10-24,2200181
1124,개별(일반),6,화랑대역,646-106,28,제과,2020-07-06,2025-08-05,4014800
1125,67일괄,6,화랑대역,646-107,35,,2013-10-25,2019-10-24,2325056
1126,네트워크,6,봉화산역,647-101,47,편의점,2022-02-03,2027-05-04,6932114
1127,67일괄,6,봉화산역,647-102,87,,2013-10-25,2019-10-24,979716
1128,67일괄,6,봉화산역,647-103,87,,2013-10-25,2019-10-24,979716
1129,67일괄,6,봉화산역,647-105,33,,2013-10-25,2019-10-24,2045595
1130,개별(일반),6,봉화산역,647-107,27,기타,2020-07-06,2025-08-05,1130000
1131,67일괄,7,도봉산역,710-006,36,,2013-10-25,2019-10-24,1179006
1132,개별(일반),7,도봉산역,710-007,44,제과,2020-07-24,2025-08-23,1110000
1133,개별(일반),7,도봉산역,710-008,38,식음료,2020-07-02,2025-08-01,1083300
1134,개별(대형),7,수락산역,711-102,47.43,사무실,2019-05-08,2024-10-11,163900
1135,개별(일반),7,수락산역,711-201,40.08,기타,2019-12-21,2025-01-19,1150000
1136,네트워크,7,수락산역,711-202,37.88,편의점,2020-02-13,2025-04-12,8858850
1137,개별(일반),7,수락산역,711-203,56.48,의류,2019-10-29,2024-11-27,1670000
1138,67일괄,7,수락산역,711-204,44,,2013-10-25,2019-10-24,1609201
1139,67일괄,7,수락산역,711-205,43,,2013-10-25,2019-10-24,1572628
1140,공실,7,수락산역,711-206,44,,,,
1141,개별(일반),7,수락산역,711-207,58,기타,2020-07-02,2025-08-01,1767700
1142,개별(일반),7,마들역,712-101,33,플라워,2020-05-29,2025-06-28,466600
1143,개별(일반),7,마들역,712-102,33,의류,2019-10-29,2024-11-27,500000
1144,개별(일반),7,마들역,712-105,33,기타,2020-03-02,2025-05-01,2466000
1145,개별(일반),7,마들역,712-106,33,기타,2020-03-02,2025-05-01,
1146,개별(일반),7,마들역,712-107,33,기타,2020-03-02,2025-05-01,
1147,개별(일반),7,마들역,712-108,33,기타,2020-06-15,2025-07-15,500000
1148,공실,7,마들역,712-109,33,,,,
1149,네트워크,7,마들역,712-111,33.11,편의점,2020-02-13,2025-04-12,6137560
1150,네트워크,7,마들역,712-113,230.7,공유오피스,2021-05-07,2026-11-03,2120183
1151,개별(일반),7,마들역,712-114,33,기타,2020-03-02,2025-05-01,
1152,개별(일반),7,마들역,712-115,33,기타,2020-03-02,2025-05-01,
1153,개별(일반),7,마들역,712-116,45,기타,2020-03-02,2025-05-01,
1154,개별(일반),7,마들역,712-117,35,기타,2020-03-02,2025-05-01,
1155,개별(일반),7,마들역,712-118,35,기타,2020-03-02,2025-05-01,
1156,개별(일반),7,마들역,712-119,36,기타,2020-03-02,2025-05-01,
1157,개별(일반),7,마들역,712-120,31,기타,2020-03-02,2025-05-01,
1158,공실,7,마들역,712-202,45,,,,
1159,개별(일반),7,마들역,712-203,45,의류,2021-11-23,2026-12-23,1401600
1160,개별(일반),7,마들역,712-204,20,제과,2020-07-02,2025-08-01,648100
1161,복합,7,노원(7)역,713-101,36.4,제과,2016-07-08,2026-11-06,27138714
1162,복합,7,노원(7)역,713-102,29,식음료,2016-07-08,2026-11-06,
1163,복합,7,노원(7)역,713-103,29,기타,2016-07-08,2026-11-06,
1164,복합,7,노원(7)역,713-104,51,의류,2016-07-08,2026-11-06,
1165,복합,7,노원(7)역,713-106,24,의류,2016-07-08,2026-11-06,
1166,복합,7,노원(7)역,713-107,28.3,기타,2016-07-08,2026-11-06,
1167,복합,7,노원(7)역,713-108,32.5,기타,2016-07-08,2026-11-06,
1168,복합,7,노원(7)역,713-109,33.6,의류,2016-07-08,2026-11-06,
1169,복합,7,노원(7)역,713-110,33.6,기타,2016-07-08,2026-11-06,
1170,복합,7,노원(7)역,713-111,33.6,액세서리,2016-07-08,2026-11-06,
1171,복합,7,노원(7)역,713-112,33.6,의류,2016-07-08,2026-11-06,
1172,복합,7,노원(7)역,713-113,33.6,액세서리,2016-07-08,2026-11-06,
1173,복합,7,노원(7)역,713-114,41,의류,2016-07-08,2026-11-06,
1174,복합,7,노원(7)역,713-115,18,의류,2016-07-08,2026-11-06,
1175,네트워크,7,노원(7)역,713-116,55.15,편의점,2020-02-13,2025-04-12,19781190
1176,복합,7,노원(7)역,713-117,45,의류,2016-07-08,2026-11-06,
1177,복합,7,노원(7)역,713-118,33,액세서리,2016-07-08,2026-11-06,
1178,개별(일반),7,노원(7)역,713-120,17,기타,2020-07-02,2025-08-01,2560000
1179,개별(일반),7,노원(7)역,713-121,24,의류,2020-06-29,2025-07-29,2510000
1180,67일괄,7,노원(7)역,713-202,40,,2013-10-25,2019-10-24,4359803
1181,67일괄,7,노원(7)역,713-203,37,,2013-10-25,2019-10-24,4032817
1182,개별(일반),7,노원(7)역,713-255,52,사무실,2020-02-01,2025-01-31,599400
1183,67일괄,7,중계역,714-101,30.6,,2016-04-11,2021-06-10,3386837
1184,개별(대형),7,중계역,714-102,105.6,식음료,2019-09-23,2024-09-22,4560000
1185,네트워크,7,중계역,714-201,32.91,편의점,2020-02-13,2025-04-12,8936070
1186,67일괄,7,중계역,714-204,34,,2013-10-25,2019-10-24,2002203
1187,67일괄,7,중계역,714-205,41,,2013-10-25,2019-10-24,2316997
1188,67일괄,7,중계역,714-206,59,,2013-10-25,2019-10-24,3334216
1189,67일괄,7,중계역,714-207,50,,2013-10-25,2019-10-24,2851435
1190,개별(일반),7,하계역,715-101,55.01,제과,2019-12-18,2024-12-17,7260000
1191,네트워크,7,하계역,715-102,40.8,편의점,2020-02-13,2025-04-12,14478750
1192,개별(일반),7,하계역,715-103,36.57,제과,2019-10-08,2024-11-06,4310000
1193,67일괄,7,하계역,715-104,65,,2013-10-25,2019-10-24,5016356
1194,67일괄,7,하계역,715-106,32,,2013-10-25,2019-10-24,2469591
1195,67일괄,7,하계역,715-107,32,,2013-10-25,2019-10-24,2469591
1196,개별(일반),7,하계역,715-108,26,액세서리,2020-07-01,2025-07-31,2250000
1197,개별(일반),7,하계역,715-109,70,의류,2020-06-30,2025-07-30,4770000
1198,67일괄,7,하계역,715-111,33,,2013-10-25,2019-10-24,2730869
1199,네트워크,7,공릉역,716-101,29.88,액세서리,2018-05-09,2023-07-07,1767769
1200,네트워크,7,공릉역,716-102,28.91,편의점,2020-02-13,2025-04-12,7699120
1201,개별(일반),7,공릉역,716-103,29.42,의류,2019-10-05,2024-11-03,3230000
1202,개별(일반),7,공릉역,716-104,30,의류,2020-07-01,2025-07-31,2300000
1203,개별(일반),7,공릉역,716-105,50,제과,2020-07-01,2025-07-31,3600000
1204,67일괄,7,공릉역,716-106,40,,2013-10-25,2019-10-24,3074591
1205,네트워크,7,태릉입구(7)역,717-102,37.14,편의점,2020-02-13,2025-04-12,9603880
1206,67일괄,7,태릉입구(7)역,717-105,31,,2013-10-25,2019-10-24,2052930
1207,67일괄,7,태릉입구(7)역,717-112,33,,2013-10-25,2019-10-24,2141056
1208,개별(일반),7,태릉입구(7)역,717-302,59,의류,2018-02-23,2023-03-24,8630000
1209,개별(일반),7,태릉입구(7)역,717-303,59,의류,2018-02-23,2023-03-24,8630000
1210,67일괄,7,태릉입구(7)역,717-304,50,,2013-10-25,2019-10-24,3486809
1211,67일괄,7,태릉입구(7)역,717-305,40,,2013-10-25,2019-10-24,2789447
1212,개별(일반),7,태릉입구(7)역,717-307,45,의류,2020-07-23,2025-08-22,2033300
1213,67일괄,7,먹골역,718-101,48,,2013-10-25,2019-10-24,2851435
1214,67일괄,7,먹골역,718-109,34,,2013-10-25,2019-10-24,2019766
1215,네트워크,7,먹골역,718-201,24.38,편의점,2020-02-13,2025-04-12,6181890
1216,67일괄,7,먹골역,718-202,58,,2013-10-25,2019-10-24,2936151
1217,67일괄,7,먹골역,718-203,57,,2013-10-25,2019-10-24,2885528
1218,67일괄,7,먹골역,718-205,35,,2013-10-25,2019-10-24,1789895
1219,67일괄,7,먹골역,718-206,35,,2013-10-25,2019-10-24,1789895
1220,네트워크,7,중화역,719-101,29.7,편의점,2020-02-13,2025-04-12,7671950
1221,개별(일반),7,중화역,719-102,39.02,의류,2020-03-12,2025-04-11,3560000
1222,복합,7,중화역,719-103,28.43,기타,2017-03-20,2022-06-18,13013482
1223,복합,7,중화역,719-104,39.57,의류,2017-03-20,2022-06-18,
1224,복합,7,중화역,719-105,37.38,제과,2017-03-20,2022-06-18,
1225,복합,7,중화역,719-106,95.23,의류,2017-03-20,2022-06-18,
1226,개별(일반),7,중화역,719-109,30,의류,2020-04-17,2025-05-17,2789300
1227,67일괄,7,중화역,719-112,44,,2013-10-25,2019-10-24,4254837
1228,67일괄,7,중화역,719-113,50,,2013-10-25,2019-10-24,4571594
1229,67일괄,7,중화역,719-114,18,,2013-10-25,2019-10-24,1880087
1230,67일괄,7,중화역,719-115,45,,2013-10-25,2019-10-24,4393379
1231,67일괄,7,중화역,719-202,70,,2013-10-25,2019-10-24,5452853
1232,67일괄,7,중화역,719-203,50,,2013-10-25,2019-10-24,3894895
1233,67일괄,7,상봉역,720-102,60,,2013-10-25,2019-10-24,10544110
1234,개별(일반),7,상봉역,720-201,43.09,액세서리,2018-09-28,2023-11-26,4246900
1235,네트워크,7,상봉역,720-202,45.48,편의점,2020-02-13,2025-04-12,13788060
1236,67일괄,7,상봉역,720-203,74,,2013-10-25,2019-10-24,6054960
1237,67일괄,7,상봉역,720-204,53,,2013-10-25,2019-10-24,3230593
1238,67일괄,7,상봉역,720-205,52,,2013-10-25,2019-10-24,3169638
1239,67일괄,7,상봉역,720-206,78,,2013-10-25,2019-10-24,4754458
1240,네트워크,7,면목역,721-101,29,의류,2018-05-09,2023-07-07,2132026
1241,네트워크,7,면목역,721-102,36.08,편의점,2020-02-13,2025-04-12,10569130
1242,개별(일반),7,면목역,721-103,32,제과,2020-06-08,2025-07-08,4500000
1243,개별(일반),7,면목역,721-104,16.8,의류,2019-09-20,2024-10-19,1850000
1244,67일괄,7,면목역,721-105,24,,2013-10-25,2019-10-24,2928300
1245,67일괄,7,면목역,721-106,78,,2013-10-25,2019-10-24,9516974
1246,67일괄,7,면목역,721-108,52,,2013-10-25,2019-10-24,4507333
1247,67일괄,7,면목역,721-109,53,,2013-10-25,2019-10-24,4594013
1248,67일괄,7,면목역,721-110,107,,2013-10-25,2019-10-24,9274705
1249,개별(일반),7,면목역,721-301,64,제과,2019-09-23,2024-09-22,4500300
1250,복합,7,면목역,721-302,45.56,의류,2017-03-20,2022-06-18,8706792
1251,복합,7,면목역,721-303,55.05,의류,2017-03-20,2022-06-18,
1252,복합,7,면목역,721-304,16.93,기타,2017-03-20,2022-06-18,
1253,복합,7,면목역,721-305,16.68,의류,2017-03-20,2022-06-18,
1254,공실,7,사가정역,722-102,58,,,,
1255,공실,7,사가정역,722-103,112,,,,
1256,공실,7,사가정역,722-104,46,,,,
1257,개별(일반),7,사가정역,722-301,21.9,사무실,2019-05-21,2024-06-19,233500
1258,네트워크,7,사가정역,722-302,32.21,편의점,2020-02-13,2025-04-12,11204050
1259,복합,7,사가정역,722-303,26.03,의류,2017-03-20,2022-06-18,15254726
1260,복합,7,사가정역,722-304,25.64,의류,2017-03-20,2022-06-18,
1261,복합,7,사가정역,722-305,106.54,의류,2017-03-20,2022-06-18,
1262,복합,7,사가정역,722-306,41.82,의류,2017-03-20,2022-06-18,
1263,복합,7,사가정역,722-307,35.13,기타,2017-03-20,2022-06-18,
1264,67일괄,7,사가정역,722-309,93,,2013-10-25,2019-10-24,12663470
1265,네트워크,7,용마산역,723-101,28.8,편의점,2020-02-13,2025-04-12,5070780
1266,67일괄,7,용마산역,723-105,66,,2013-10-25,2019-10-24,5666297
1267,개별(일반),7,용마산역,723-106,36,사무실,2020-11-18,2025-12-18,1382400
1268,개별(일반),7,용마산역,723-107,35,사무실,2020-11-18,2025-12-18,
1269,67일괄,7,용마산역,723-301,55,,2013-10-25,2019-10-24,3488875
1270,67일괄,7,용마산역,723-302,55,,2013-10-25,2019-10-24,3488875
1271,개별(일반),7,용마산역,723-303,58,사무실,2020-11-18,2025-12-18,
1272,네트워크,7,중곡역,724-101,35.16,편의점,2020-02-13,2025-04-12,5995990
1273,개별(일반),7,중곡역,724-201,46.99,의류,2020-10-23,2025-11-22,2500300
1274,67일괄,7,중곡역,724-202,46,,2013-10-25,2019-10-24,3207864
1275,67일괄,7,중곡역,724-203,14,,2013-10-25,2019-10-24,976306
1276,네트워크,7,군자(7)역,725-101,54.82,편의점,2020-02-13,2025-04-12,14890590
1277,개별(일반),7,군자(7)역,725-102,43,의류,2021-11-25,2026-12-25,3180000
1278,67일괄,7,군자(7)역,725-104,50,,2013-10-25,2019-10-24,3677938
1279,67일괄,7,군자(7)역,725-105,55,,2013-10-25,2019-10-24,4994660
1280,네트워크,7,군자(7)역,725-301,33.9,의류,2018-05-12,2023-07-10,2618429
1281,네트워크,7,군자(7)역,725-302,86.95,의류,2018-05-09,2023-07-07,3196209
1282,67일괄,7,군자(7)역,725-303,32.7,,2018-04-10,2023-05-09,13500000
1283,네트워크,7,군자(7)역,725-304,20,제과,2021-02-25,2026-04-26,4336640
1284,67일괄,7,군자(7)역,725-305,24.24,,2014-07-28,2019-08-26,8400200
1285,개별(일반),7,군자(7)역,725-306,23.5,제과,2019-12-21,2025-01-19,5032000
1286,67일괄,7,군자(7)역,725-307,33,,2013-10-25,2019-10-24,16095420
1287,67일괄,7,군자(7)역,725-308,27,,2013-10-25,2019-10-24,18293194
1288,67일괄,7,군자(7)역,725-309,31,,2013-10-25,2019-10-24,13022172
1289,67일괄,7,군자(7)역,725-310,27,,2013-10-25,2019-10-24,15358696
1290,네트워크,7,어린이대공원역,726-101,35.6,편의점,2020-02-13,2025-04-12,12632620
1291,67일괄,7,어린이대공원역,726-102,18.48,,,,5698000
1292,공실,7,어린이대공원역,726-103,34.61,,,,
1293,67일괄,7,어린이대공원역,726-104,70,,2013-10-25,2019-10-24,4114951
1294,67일괄,7,어린이대공원역,726-105,60,,2013-10-25,2019-10-24,3527101
1295,67일괄,7,어린이대공원역,726-201,37,,2013-10-25,2019-10-24,4682655
1296,67일괄,7,어린이대공원역,726-202,37,,2013-10-25,2019-10-24,4560333
1297,67일괄,7,어린이대공원역,726-203,56,,2013-10-25,2019-10-24,6902125
1298,67일괄,7,어린이대공원역,726-204,46,,2013-10-25,2019-10-24,5669603
1299,67일괄,7,어린이대공원역,726-205,30,,2013-10-25,2019-10-24,4215165
1300,67일괄,7,어린이대공원역,726-206,22,,2013-10-25,2019-10-24,3091121
1301,개별(대형),7,건대입구(7)역,727-101,867.64,기타,2020-09-15,2025-09-14,18989000
1302,개별(일반),7,건대입구(7)역,727-201,76,의약업,2020-01-09,2025-02-07,25650000
1303,네트워크,7,건대입구(7)역,727-202,37.36,편의점,2020-02-13,2025-04-12,13409110
1304,67일괄,7,건대입구(7)역,727-204,75,,2013-10-25,2019-10-24,21308277
1305,67일괄,7,건대입구(7)역,727-205,30,,2013-10-25,2019-10-24,8064602
1306,67일괄,7,건대입구(7)역,727-206,29,,2013-10-25,2019-10-24,7795782
1307,67일괄,7,건대입구(7)역,727-301,26,,2013-10-25,2019-10-24,3728354
1308,67일괄,7,건대입구(7)역,727-302,32,,2013-10-25,2019-10-24,4588744
1309,네트워크,7,뚝섬유원지역,728-001,29.89,편의점,2020-02-13,2025-04-12,5262400
1310,67일괄,7,청담역,729-103,33,,2013-10-25,2019-10-24,1748983
1311,67일괄,7,청담역,729-301,69.7,,2013-01-07,2018-02-05,2543000
1312,개별(일반),7,청담역,729-303,97.44,기타,2017-09-01,2022-10-31,2819712
1313,네트워크,7,청담역,729-306,65.36,제과,2021-02-25,2026-04-26,3417040
1314,개별(일반),7,청담역,729-307,37.11,의류,2021-03-18,2026-04-17,1500200
1315,네트워크,7,청담역,729-308,52.34,편의점,2020-02-13,2025-04-12,16639480
1316,개별(일반),7,청담역,729-326,35.2,기타,2019-09-23,2024-09-22,1301600
1317,67일괄,7,청담역,729-327,154.27,,2013-11-18,2018-12-18,6638834
1318,공실,7,청담역,729-331,25,,,,
1319,공실,7,청담역,729-332,43,,,,
1320,67일괄,7,청담역,729-333,55,,2013-10-25,2019-10-24,8955158
1321,67일괄,7,청담역,729-334,35,,2013-10-25,2019-10-24,4505474
1322,공실,7,청담역,729-335,43,,,,
1323,67일괄,7,청담역,729-340,99,,2013-10-25,2019-10-24,1357531
1324,67일괄,7,청담역,729-377,25,,2013-10-25,2019-10-24,754184
1325,67일괄,7,청담역,729-378,54,,2013-10-25,2019-10-24,3258074
1326,네트워크,7,강남구청역,730-101,63.8,편의점,2020-02-13,2025-04-12,16140410
1327,개별(대형),7,강남구청역,730-102,355.7,의약업,2019-04-22,2024-07-20,4901000
1328,복합,7,강남구청역,730-103,472,기타,2021-06-14,2026-09-12,16671500
1329,복합,7,강남구청역,730-104,,기타,2021-06-14,2026-09-12,
1330,복합,7,강남구청역,730-105,,기타,2021-06-14,2026-09-12,
1331,복합,7,강남구청역,730-106,,기타,2021-06-14,2026-09-12,
1332,복합,7,강남구청역,730-107,,기타,2021-06-14,2026-09-12,
1333,복합,7,강남구청역,730-108,,기타,2021-06-14,2026-09-12,
1334,복합,7,강남구청역,730-109,,기타,2021-06-14,2026-09-12,
1335,복합,7,강남구청역,730-110,,기타,2021-06-14,2026-09-12,
1336,개별(일반),7,강남구청역,730-111,22,의약업,2019-04-19,2024-07-17,3010000
1337,공실,7,강남구청역,730-201,73.3,,,,
1338,네트워크,7,강남구청역,730-202,57,액세서리,2018-05-09,2023-07-07,4388000
1339,개별(일반),7,강남구청역,730-204,9.2,의류,2017-04-14,2022-05-14,930998
1340,개별(일반),7,강남구청역,730-205,28,의류,2019-10-24,2024-11-22,2000000
1341,67일괄,7,강남구청역,730-206,55,,2013-10-25,2019-10-24,6216335
1342,67일괄,7,강남구청역,730-207,30,,2013-10-25,2019-10-24,3390728
1343,67일괄,7,강남구청역,730-208,36,,2013-10-25,2019-10-24,3031199
1344,67일괄,7,강남구청역,730-209,36,,2013-10-25,2019-10-24,3031199
1345,67일괄,7,강남구청역,730-210,41,,2013-10-25,2019-10-24,5082993
1346,67일괄,7,강남구청역,730-211,41,,2013-10-25,2019-10-24,5082993
1347,67일괄,7,학동역,731-102,16,,2013-10-25,2019-10-24,3001858
1348,네트워크,7,학동역,731-201,55.45,편의점,2020-02-13,2025-04-12,15504060
1349,개별(일반),7,학동역,731-202,16.4,의류,2018-08-14,2023-09-12,2106500
1350,개별(일반),7,학동역,731-203,17.54,제과,2019-12-21,2025-01-19,4680000
1351,개별(일반),7,학동역,731-205,31.39,의류,2020-02-24,2025-03-25,2683000
1352,개별(일반),7,학동역,731-206,29.44,의류,2019-09-20,2024-10-19,4001000
1353,네트워크,7,학동역,731-208,58,액세서리,2018-05-09,2023-07-07,4244489
1354,공실,7,학동역,731-209,68.55,,,,
1355,67일괄,7,학동역,731-210,51,,2013-10-25,2019-10-24,12308280
1356,67일괄,7,학동역,731-211,25,,2013-10-25,2019-10-24,6033471
1357,67일괄,7,학동역,731-212,44,,2013-10-25,2019-10-24,10241610
1358,67일괄,7,학동역,731-213,41,,2013-10-25,2019-10-24,8679210
1359,67일괄,7,학동역,731-214,42,,2013-10-25,2019-10-24,8890898
1360,67일괄,7,학동역,731-215,41,,2013-10-25,2019-10-24,8679210
1361,67일괄,7,학동역,731-216,21,,2013-10-25,2019-10-24,4445449
1362,개별(일반),7,논현역,732-102,63.44,식음료,2019-12-10,2025-01-08,5606500
1363,개별(일반),7,논현역,732-103,37.8,의류,2017-03-09,2022-04-08,3530000
1364,네트워크,7,논현역,732-104,44.65,편의점,2020-02-13,2025-04-12,13317590
1365,공실,7,논현역,732-105,33.6,,,,
1366,67일괄,7,논현역,732-107,35,,2013-10-25,2019-10-24,3713581
1367,67일괄,7,논현역,732-108,29,,2013-10-25,2019-10-24,2022349
1368,네트워크,7,논현역,732-201,29.92,제과,2021-09-06,2026-11-05,3906413
1369,개별(일반),7,논현역,732-202,30,의류,2018-02-23,2023-03-24,6820000
1370,네트워크,7,논현역,732-203,23,화장품,2020-12-23,2026-03-23,2077017
1371,67일괄,7,논현역,732-207,50,,2013-10-25,2019-10-24,3931054
1372,67일괄,7,논현역,732-208,50,,2013-10-25,2019-10-24,3931054
1373,67일괄,7,논현역,732-209,33,,2013-10-25,2019-10-24,2816102
1374,67일괄,7,논현역,732-210,25,,2013-10-25,2019-10-24,2133410
1375,67일괄,7,논현역,732-212,75,,2013-10-25,2019-10-24,4036950
1376,복합,7,반포역,733-102,277.14,기타,2017-12-02,2023-03-01,
1377,복합,7,반포역,733-103,75.48,기타,2017-12-02,2023-03-01,
1378,복합,7,반포역,733-111,1260.58,기타,2017-12-02,2023-03-01,15229200
1379,복합,7,반포역,733-112,,기타,2017-12-02,2023-03-01,
1380,복합,7,반포역,733-113,,기타,2017-12-02,2023-03-01,
1381,복합,7,반포역,733-114,,사무실,2017-12-02,2023-03-01,
1382,복합,7,반포역,733-115,,기타,2017-12-02,2023-03-01,
1383,개별(일반),7,반포역,733-138,40,의류,2020-06-04,2025-07-04,2700000
1384,네트워크,7,반포역,733-154,40.36,편의점,2020-02-13,2025-04-12,7854990
1385,67일괄,7,반포역,733-156,30,,2013-10-25,2019-10-24,3610784
1386,67일괄,7,반포역,733-201,43,,2013-10-25,2019-10-24,3633926
1387,67일괄,7,반포역,733-202,42,,2013-10-25,2019-10-24,3549416
1388,개별(일반),7,고속터미널(7)역,734-101,556,기타,2021-01-05,2026-04-05,6666600
1389,67일괄,7,고속터미널(7)역,734-140,95,,2013-10-25,2019-10-24,10570455
1390,67일괄,7,고속터미널(7)역,734-142,44,,2013-10-25,2019-10-24,4391210
1391,개별(일반),7,고속터미널(7)역,734-201,44,기타,2019-06-25,2024-07-24,3020000
1392,복합,7,고속터미널(7)역,734-202,123.69,기타,2017-06-09,2022-11-06,145000000
1393,복합,7,고속터미널(7)역,734-203,,의류,2017-06-09,2022-11-06,
1394,복합,7,고속터미널(7)역,734-204,,기타,2017-06-09,2022-11-06,
1395,복합,7,고속터미널(7)역,734-205,44.31,기타,2017-06-09,2022-11-06,
1396,복합,7,고속터미널(7)역,734-206,62.77,기타,2017-06-09,2022-11-06,
1397,복합,7,고속터미널(7)역,734-207,,기타,2017-06-09,2022-11-06,
1398,복합,7,고속터미널(7)역,734-208,,기타,2017-06-09,2022-11-06,
1399,개별(일반),7,고속터미널(7)역,734-209,360,기타,2020-07-01,2025-09-28,5300000
1400,복합,7,고속터미널(7)역,734-210,231.28,기타,2017-06-09,2022-11-06,
1401,복합,7,고속터미널(7)역,734-211,,기타,2017-06-09,2022-11-06,
1402,복합,7,고속터미널(7)역,734-212,,기타,2017-06-09,2022-11-06,
1403,복합,7,고속터미널(7)역,734-213,,기타,2017-06-09,2022-11-06,
1404,복합,7,고속터미널(7)역,734-214,376.56,기타,2017-06-09,2022-11-06,
1405,네트워크,7,고속터미널(7)역,734-215,60.27,편의점,2020-02-13,2025-04-12,23453430
1406,네트워크,7,고속터미널(7)역,734-216,71.53,제과,2021-09-06,2026-11-05,7914283
1407,개별(일반),7,내방역,735-101,45,액세서리,2017-03-09,2022-04-08,4200000
1408,네트워크,7,내방역,735-103,62.21,편의점,2020-02-13,2025-04-12,15240940
1409,공실,7,내방역,735-201,30.78,,,,
1410,67일괄,7,내방역,735-202,34,,2013-10-25,2019-10-24,1710654
1411,67일괄,7,내방역,735-203,28,,2013-10-25,2019-10-24,2489840
1412,67일괄,7,내방역,735-204,28,,2013-10-25,2019-10-24,2489840
1413,개별(대형),7,이수(7)역,736-101,592,기타,2018-12-20,2024-04-18,10552300
1414,공실,7,이수(7)역,736-102,48,,,,
1415,67일괄,7,이수(7)역,736-103,51,,2013-10-25,2019-10-24,14689848
1416,67일괄,7,이수(7)역,736-104,51,,2013-10-25,2019-10-24,14689848
1417,67일괄,7,이수(7)역,736-112,74,,2013-10-25,2019-10-24,21498166
1418,공실,7,이수(7)역,736-301,24.01,,,,
1419,67일괄,7,이수(7)역,736-302,38.02,,2008-12-01,2014-03-01,15115361
1420,67일괄,7,이수(7)역,736-303,129.35,,,,
1421,네트워크,7,이수(7)역,736-307,54.05,편의점,2020-02-13,2025-04-12,14677520
1422,개별(일반),7,이수(7)역,736-308,9.84,의류,2020-03-02,2025-04-01,2250000
1423,네트워크,7,이수(7)역,736-310,27.22,제과,2021-02-25,2026-04-26,4532176
1424,67일괄,7,이수(7)역,736-311,74.41,,,,
1425,네트워크,7,이수(7)역,736-313,22.5,플라워,2018-11-27,2024-01-25,1865759
1426,67일괄,7,이수(7)역,736-315,64,,2013-10-25,2019-10-24,33866781
1427,67일괄,7,이수(7)역,736-316,35,,2013-10-25,2019-10-24,18520896
1428,67일괄,7,이수(7)역,736-317,25,,2013-10-25,2019-10-24,13229211
1429,네트워크,7,남성역,737-101,45.25,편의점,2020-02-13,2025-04-12,9788350
1430,67일괄,7,남성역,737-204,15,,2013-10-25,2019-10-24,1593084
1431,67일괄,7,남성역,737-205,50,,2013-10-25,2019-10-24,5310281
1432,네트워크,7,숭실대입구역,738-101,39.29,편의점,2020-02-13,2025-04-12,9835540
1433,네트워크,7,숭실대입구역,738-102,22.02,제과,2021-09-06,2026-11-05,3552070
1434,네트워크,7,숭실대입구역,738-201,37,액세서리,2018-05-09,2023-07-07,2373626
1435,67일괄,7,숭실대입구역,738-202,35.7,,2017-03-09,2022-04-08,3000000
1436,개별(일반),7,숭실대입구역,738-203,42,플라워,2018-11-20,2023-12-19,1300000
1437,67일괄,7,숭실대입구역,738-204,28,,2013-10-25,2019-10-24,2473310
1438,67일괄,7,숭실대입구역,738-213,30,,2013-10-25,2019-10-24,2649975
1439,개별(일반),7,숭실대입구역,738-501,116,기타,2020-08-05,2025-08-04,1430000
1440,네트워크,7,상도역,739-101,112.57,편의점,2020-02-13,2025-04-12,21907600
1441,개별(일반),7,상도역,739-201,25.2,제과,2018-09-28,2023-10-27,3517000
1442,67일괄,7,상도역,739-202,50,,2013-10-25,2019-10-24,4747226
1443,67일괄,7,상도역,739-203,34,,2013-10-25,2019-10-24,3228114
1444,67일괄,7,상도역,739-204,26,,2013-10-25,2019-10-24,2678076
1445,네트워크,7,장승배기역,740-101,36.18,편의점,2020-02-13,2025-04-12,8185320
1446,개별(일반),7,장승배기역,740-201,35.52,의류,2019-06-25,2024-07-24,2710000
1447,67일괄,7,장승배기역,740-202,54,,2013-10-25,2019-10-24,5082373
1448,67일괄,7,장승배기역,740-203,40,,2013-10-25,2019-10-24,3764720
1449,67일괄,7,장승배기역,740-204,60,,2013-10-25,2019-10-24,5758659
1450,67일괄,7,장승배기역,740-205,80,,2013-10-25,2019-10-24,8413799
1451,67일괄,7,장승배기역,740-207,38,,2013-10-25,2019-10-24,3996555
1452,네트워크,7,신대방삼거리역,741-101,51.49,편의점,2020-02-13,2025-04-12,13025870
1453,공실,7,신대방삼거리역,741-102,55,,,,
1454,네트워크,7,신대방삼거리역,741-201,25.06,액세서리,2018-05-09,2023-07-07,1607650
1455,개별(일반),7,신대방삼거리역,741-202,34,의류,2018-08-14,2023-09-12,1818300
1456,공실,7,신대방삼거리역,741-203,61,,,,
1457,공실,7,신대방삼거리역,741-204,43,,,,
1458,공실,7,신대방삼거리역,741-205,43,,,,
1459,공실,7,신대방삼거리역,741-206,49,,,,
1460,공실,7,신대방삼거리역,741-207,27,,,,
1461,공실,7,신대방삼거리역,741-208,42,,,,
1462,공실,7,신대방삼거리역,741-209,42,,,,
1463,공실,7,신대방삼거리역,741-210,42,,,,
1464,네트워크,7,보라매역,742-103,27.58,편의점,2020-02-13,2025-04-12,6309160
1465,67일괄,7,보라매역,742-105,38,,2013-10-25,2019-10-24,4345959
1466,67일괄,7,보라매역,742-106,39,,2013-10-25,2019-10-24,4460326
1467,67일괄,7,보라매역,742-107,32,,2013-10-25,2019-10-24,3755629
1468,개별(일반),7,신풍역,743-103,30,의류,2019-12-17,2025-01-15,2020000
1469,네트워크,7,신풍역,743-104,32.82,편의점,2020-02-13,2025-04-12,8322600
1470,67일괄,7,신풍역,743-106,47,,2013-10-25,2019-10-24,3782594
1471,공실,7,신풍역,743-108,40,,,,
1472,공실,7,신풍역,743-109,45,,,,
1473,공실,7,신풍역,743-110,45,,,,
1474,공실,7,신풍역,743-111,30,,,,
1475,67일괄,7,신풍역,743-112,30,,2013-10-25,2019-10-24,2556993
1476,복합,7,대림(7)역,744-001,41.1,의류,2017-05-22,2022-09-19,22680670
1477,네트워크,7,대림(7)역,744-002,21.05,화장품,2020-12-23,2026-03-23,3920862
1478,개별(일반),7,대림(7)역,744-003,22,제과,2018-04-21,2023-05-20,7222000
1479,67일괄,7,대림(7)역,744-004,22,,2018-04-10,2023-05-09,9200000
1480,네트워크,7,대림(7)역,744-101,49.58,플라워,2018-11-27,2024-01-25,6370673
1481,개별(일반),7,대림(7)역,744-102,44.74,의류,2020-06-08,2025-07-08,6600000
1482,복합,7,대림(7)역,744-103,68,의류,2017-05-22,2022-09-19,15079302
1483,네트워크,7,대림(7)역,744-104,29.51,편의점,2020-02-13,2025-04-12,13230360
1484,67일괄,7,대림(7)역,744-105,40,,2013-10-25,2019-10-24,4413525
1485,67일괄,7,대림(7)역,744-106,39,,2013-10-25,2019-10-24,4303187
1486,67일괄,7,대림(7)역,744-107,39,,2013-10-25,2019-10-24,4303187
1487,67일괄,7,대림(7)역,744-108,30,,2013-10-25,2019-10-24,3564294
1488,네트워크,7,남구로역,745-101,33.67,편의점,2020-02-13,2025-04-12,8428420
1489,67일괄,7,남구로역,745-103,40,,2013-10-25,2019-10-24,6607890
1490,67일괄,7,남구로역,745-104,32,,2013-10-25,2019-10-24,5286312
1491,공실,7,남구로역,745-201,69.14,,,,
1492,67일괄,7,남구로역,745-202,22,,2013-10-25,2019-10-24,2625180
1493,67일괄,7,남구로역,745-203,43,,2013-10-25,2019-10-24,5131033
1494,공실,7,가산디지털단지역,746-001,31.71,,,,
1495,개별(일반),7,가산디지털단지역,746-101,34,제과,2018-09-28,2023-10-27,7512000
1496,67일괄,7,가산디지털단지역,746-103,69,,2013-10-25,2019-10-24,8682619
1497,네트워크,7,가산디지털단지역,746-301,41.97,플라워,2018-11-27,2024-01-25,3747975
1498,네트워크,7,가산디지털단지역,746-302,35.8,편의점,2020-02-13,2025-04-12,16485040
1499,네트워크,7,철산역,747-101,36.61,편의점,2020-02-13,2025-04-12,12851410
1500,복합,7,철산역,747-102,30,식음료,2016-05-02,2021-07-31,20050000
1501,복합,7,철산역,747-103,18,기타,2016-05-02,2021-07-31,
1502,복합,7,철산역,747-105,63,제과,2016-05-02,2021-07-31,
1503,복합,7,철산역,747-106,71,액세서리,2016-05-02,2021-07-31,
1504,복합,7,철산역,747-109,42,의류,2016-05-02,2021-07-31,
1505,네트워크,7,광명사거리역,748-101,45.74,제과,2021-02-25,2026-04-26,5844784
1506,네트워크,7,광명사거리역,748-102,34.27,편의점,2020-02-13,2025-04-12,12292280
1507,67일괄,7,광명사거리역,748-103,13,,2013-10-25,2019-10-24,1960878
1508,네트워크,7,광명사거리역,748-201,37.17,화장품,2020-12-23,2026-03-23,3849143
1509,67일괄,7,광명사거리역,748-203,44,,2013-10-25,2019-10-24,4763962
1510,67일괄,7,광명사거리역,748-204,37,,2013-10-25,2019-10-24,6846233
1511,67일괄,7,광명사거리역,748-205,40,,2013-10-25,2019-10-24,6806251
1512,67일괄,7,광명사거리역,748-206,40,,2013-10-25,2019-10-24,6806251
1513,67일괄,7,광명사거리역,748-207,41,,2013-10-25,2019-10-24,4439147
1514,네트워크,7,천왕역,749-101,36.93,편의점,2020-02-13,2025-04-12,6160440
1515,개별(일반),7,천왕역,749-201,900.39,기타,2016-09-12,2022-03-10,1232310
1516,개별(일반),7,온수역,750-101,13.5,제과,2021-03-19,2026-04-18,2040000
1517,개별(일반),7,온수역,750-103,23.1,의류,2018-10-23,2023-11-21,3200000
1518,네트워크,7,온수역,750-104,29.81,편의점,2020-02-13,2025-04-12,6966960
1519,공실,7,온수역,750-105,41,,,,
1520,개별(일반),7,온수역,750-106,35,사무실,2021-12-21,2027-01-20,795000
1521,공실,7,온수역,750-108,128,,,,
1522,공실,7,온수역,750-112,60,,,,
1523,개별(일반),8,암사역,810-101,36.54,기타,2019-10-08,2024-11-06,5130000
1524,네트워크,8,암사역,810-102,24,의류,2018-05-12,2023-07-10,1853755
1525,네트워크,8,암사역,810-103,35,편의점,2022-02-03,2027-05-04,13906760
1526,개별(일반),8,암사역,810-104,27.37,플라워,2020-12-31,2026-01-30,2150000
1527,네트워크,8,강동구청역,812-101,30,편의점,2022-02-03,2027-05-04,8849507
1528,공실,8,강동구청역,812-102,36.96,,,,
1529,개별(일반),8,강동구청역,812-201,37.45,의류,2019-04-02,2024-05-01,2180000
1530,개별(일반),8,강동구청역,812-202,46.69,식음료,2020-06-10,2025-07-10,2500000
1531,네트워크,8,몽촌토성역,813-101,36,편의점,2022-02-03,2027-05-04,7487918
1532,복합,8,잠실(8)역,814-101,191,식음료,2016-01-11,2022-10-07,152935000
1533,복합,8,잠실(8)역,814-102,118,의약업,2016-01-11,2022-10-07,
1534,복합,8,잠실(8)역,814-103,16,식음료,2016-01-11,2022-10-07,
1535,복합,8,잠실(8)역,814-104,225,식음료,2016-01-11,2022-10-07,
1536,복합,8,잠실(8)역,814-105,52,편의점,2016-01-11,2022-10-07,
1537,복합,8,잠실(8)역,814-106,708,기타,2016-01-11,2022-10-07,
1538,복합,8,잠실(8)역,814-107,40,의약업,2016-01-11,2022-10-07,
1539,복합,8,잠실(8)역,814-109,48,의류,2016-01-11,2022-10-07,
1540,복합,8,잠실(8)역,814-110,24,의류,2016-01-11,2022-10-07,
1541,복합,8,잠실(8)역,814-111,144,화장품,2016-01-11,2022-10-07,
1542,복합,8,잠실(8)역,814-112,24,식음료,2016-01-11,2022-10-07,
1543,복합,8,잠실(8)역,814-113,48,의류,2016-01-11,2022-10-07,
1544,복합,8,잠실(8)역,814-114,14.23,제과,2016-01-11,2022-10-07,
1545,복합,8,잠실(8)역,814-115,26,식음료,2016-01-11,2022-10-07,
1546,복합,8,잠실(8)역,814-116,56,식음료,2016-01-11,2022-10-07,
1547,복합,8,잠실(8)역,814-117,56,기타,2016-01-11,2022-10-07,
1548,복합,8,잠실(8)역,814-118,56,액세서리,2016-01-11,2022-10-07,
1549,복합,8,잠실(8)역,814-119,45,기타,2016-01-11,2022-10-07,
1550,복합,8,잠실(8)역,814-120,48,기타,2016-01-11,2022-10-07,
1551,복합,8,잠실(8)역,814-121,20,식음료,2016-01-11,2022-10-07,
1552,복합,8,잠실(8)역,814-122,20,식음료,2016-01-11,2022-10-07,
1553,복합,8,잠실(8)역,814-123,20,식음료,2016-01-11,2022-10-07,
1554,개별(일반),8,잠실(8)역,814-201,28.6,의류,2021-11-25,2026-12-25,11020000
1555,복합,8,잠실(8)역,814-202,29,제과,2016-01-11,2022-10-07,
1556,복합,8,잠실(8)역,814-203,13.5,식음료,2016-01-11,2022-10-07,
1557,복합,8,잠실(8)역,814-204,9.36,식음료,2016-01-11,2022-10-07,
1558,개별(일반),8,석촌역,815-101,30,기타,2022-02-05,2027-03-04,2500000
1559,네트워크,8,석촌역,815-102,38,편의점,2022-02-03,2027-05-04,9780832
1560,개별(일반),8,송파역,816-101,27.15,제과,2017-09-16,2022-10-15,1712000
1561,네트워크,8,송파역,816-102,32.2,편의점,2022-02-03,2027-05-04,5517976
1562,공실,8,가락시장(8)역,817-101,30.44,,,,
1563,네트워크,8,가락시장(8)역,817-102,33,편의점,2022-02-03,2027-05-04,7167277
1564,개별(일반),8,가락시장(8)역,817-105,52.16,의류,2019-04-09,2024-05-08,4099800
1565,개별(일반),8,가락시장(8)역,817-106,19.84,기타,2020-02-11,2025-03-11,1012000
1566,개별(일반),8,가락시장(8)역,817-107,24.61,제과,2019-12-18,2025-01-16,2186000
1567,네트워크,8,문정역,818-101,30,편의점,2022-02-03,2027-05-04,5552551
1568,네트워크,8,장지역,819-101,35.2,편의점,2022-02-03,2027-05-04,11392786
1569,개별(일반),8,장지역,819-102,38.82,의약업,2020-08-31,2025-09-30,4710000
1570,개별(일반),8,장지역,819-103,12.85,플라워,2020-08-03,2025-09-02,2500000
1571,네트워크,8,복정역,820-101,50,편의점,2022-02-03,2027-05-04,8911248
1572,네트워크,8,산성역,821-101,30,편의점,2022-02-03,2027-05-04,6116450
1573,개별(일반),8,남한산성입구역,822-101,34.32,기타,2021-05-13,2026-06-12,2300000
1574,네트워크,8,남한산성입구역,822-201,36,편의점,2022-02-03,2027-05-04,12353088
1575,개별(일반),8,남한산성입구역,822-202,22.09,식음료,2019-12-10,2025-01-08,1590000
1576,공실,8,남한산성입구역,822-203,54.76,,,,
1577,네트워크,8,남한산성입구역,822-204,34.18,액세서리,2018-05-09,2023-07-07,1977511
1578,공실,8,남한산성입구역,822-205,17,,,,
1579,개별(일반),8,단대오거리역,823-102,36.78,기타,2021-01-21,2026-02-20,1700000
1580,네트워크,8,단대오거리역,823-201,32.5,편의점,2022-02-03,2027-05-04,8712991
1581,공실,8,단대오거리역,823-202,28.97,,,,
1582,개별(일반),8,단대오거리역,823-203,54.03,식음료,2018-08-31,2023-09-29,7630000
1583,개별(일반),8,단대오거리역,823-204,75.09,의류,2021-03-18,2026-04-17,3780000
1584,네트워크,8,신흥역,824-101,40,편의점,2022-02-03,2027-05-04,6124682
1585,네트워크,8,수진역,825-101,40,편의점,2022-02-03,2027-05-04,5575875
1586,네트워크,8,모란역,826-101,50,편의점,2022-02-03,2027-05-04,5831070
